ID,price
845,2498576.2
1924,991094.2
10718,1241767.0
12076,6744528.5
12254,1802521.9
9950,2845680.0
1548,2393696.8
526,1233852.4
6776,772452.8
1851,1326290.2
9188,1961223.5
3382,3008854.2
242,2397663.5
6439,1840220.5
1561,2658188.2
5339,2361612.8
7387,2357724.5
11576,1829830.4
5984,5114348.0
4486,2066702.5
2205,902976.8
3468,1585465.6
4226,2156121.8
2088,2410359.2
2118,2729886.2
8036,1465186.9
23,1194941.1
1898,1963652.6
6976,1905366.2
1465,3143903.8
2040,1388761.5
482,1141723.9
5122,1910309.6
3447,1285948.0
12877,2627061.5
3780,1354816.4
1285,1689851.8
9200,1953775.6
921,2881697.2
3060,2825268.2
1082,1097638.5
71,2180915.8
4464,1618652.9
4576,3464871.8
897,3012665.5
1756,596526.4
8745,2518208.5
806,1567866.2
803,1387097.2
7613,1554347.0
243,1332282.0
8135,1266798.8
1527,2104098.5
2825,1266567.2
666,1164267.8
12028,1492834.8
2308,2060087.4
11223,1539030.8
1479,799280.1
2057,2592005.0
2368,1068182.2
7638,2612138.0
432,2125407.8
9800,1155810.5
2140,3288996.2
837,1987689.5
3227,1993204.6
12412,1659748.0
10267,1362563.8
3850,3643423.5
382,4330622.0
1280,2394259.0
2226,4676385.5
4166,3279352.5
5208,3013229.5
4513,1641238.2
10814,3089006.5
3120,2890846.5
7915,1894994.5
3513,2224651.0
9041,1435388.6
561,1215804.9
11041,2645957.8
2920,2697599.8
2042,1042311.6
10220,1720542.8
11511,1693534.5
8424,2833023.5
5801,3015981.0
10746,1082671.2
11018,1114935.5
816,698486.06
10413,1631569.1
4471,2944808.5
1928,1995634.2
323,1752805.5
11548,3258371.8
12564,2449743.5
5817,3500763.2
1030,1448499.4
3888,1759711.8
2427,1896624.8
5378,1804856.5
3701,1454137.8
4536,1482950.4
3799,4851160.5
9431,2326440.5
10878,1248547.2
2028,890704.25
5598,2125285.0
5828,6957178.5
2842,1992207.0
279,1991139.2
4812,2023235.9
11406,1759783.1
1086,1435664.8
2696,1209852.6
9220,1249552.1
1496,1220750.2
3737,1245342.6
12211,3509173.8
1556,1992383.8
1066,1394125.2
1836,1058431.8
10913,1081031.0
1868,1272311.1
12610,3539285.8
12146,1768512.1
2087,1452975.1
2916,2373526.0
10188,2785704.0
3253,1688197.6
9082,2519597.2
12493,1372663.2
5898,3337869.2
8409,2234853.2
5885,2073013.4
1101,854480.4
10071,2045588.5
11403,4473174.0
728,1292304.0
11647,3755344.8
1931,2499240.8
232,2857876.2
3988,1671609.1
9416,1730871.5
1866,1796349.8
5685,2453300.5
2779,1995234.2
3294,2947151.0
1471,2171232.5
2960,1225197.2
10447,1773223.9
1220,2245293.0
69,1724699.8
2002,4308507.5
2784,2181171.5
1911,1951917.9
3023,1508432.0
3394,1737728.5
5920,1312858.9
688,2424887.5
1511,1766984.2
3572,3510129.8
12401,1231044.0
10756,2463983.0
4007,1683634.0
3230,1177096.2
12240,3082868.2
10539,1854767.4
3226,3510296.5
2280,1011968.4
3650,2204725.0
8540,1195800.2
5847,1346362.4
6694,3028207.0
1336,1287042.1
2538,1861930.0
7185,3427985.2
8314,2652519.5
1204,886446.06
2020,1357283.5
2468,1865728.1
9909,1861659.2
7935,1203904.9
1361,1575871.9
6138,1618226.6
1914,3967952.5
11090,1842073.0
9320,1531950.5
172,1732820.0
823,2865562.8
1189,1142992.5
3768,845538.5
2993,2140653.2
12873,1474871.6
1146,803624.0
19,1396167.1
2113,2596393.2
5132,2305909.2
11109,2211762.0
1562,1036667.7
337,1558243.0
1981,4498405.0
546,1383758.6
7428,2071152.2
230,899149.44
412,2872979.8
2205,863391.2
9114,2503327.0
1803,2365706.5
1571,3431417.0
12362,4062092.2
8109,1718424.8
3868,3281675.8
3013,2216329.8
1011,1240050.6
12983,3247470.2
116,1796384.6
3245,1708770.4
2253,3685904.2
10879,3305265.2
2246,1314048.8
11494,3101878.8
2259,3037370.5
2199,1723756.0
1692,1523679.1
5772,1924050.0
10182,2009895.2
5051,2635250.8
5033,5251163.0
11113,2269268.8
51,1991300.8
5129,1264125.1
1550,1696205.6
616,2788367.2
10151,2723609.0
6994,3528770.5
5738,2474125.5
5729,5101218.0
1122,764911.3
3406,1281546.5
2196,953714.75
3768,2163461.0
4432,2035223.2
2236,1261030.9
1743,2270377.5
2046,2392157.0
781,858807.0
1126,876067.56
10472,2835769.5
3524,1738467.0
6922,1849386.8
6018,2300520.0
2973,2037511.4
8323,3593545.2
576,1465468.6
3118,1261375.8
5737,2804189.5
4642,4108428.0
8425,1352781.5
2245,4467790.0
12248,1060974.6
2533,1063565.9
3134,1367187.2
5871,2309273.8
9331,2560810.8
959,1864683.2
2753,2536066.0
2887,1953271.0
11710,2304390.5
5279,3619676.5
3249,1183999.5
9711,2464296.2
5061,2000122.6
2493,2099399.2
627,1977798.5
2618,1077891.5
4698,1177049.9
1575,2079352.5
425,879400.94
944,1495121.0
3508,1619701.5
3674,1657887.5
3351,765686.06
1348,800954.06
1421,743200.56
9134,986976.1
6348,2434113.2
1277,2318685.5
1152,1026018.7
7783,2319633.8
29,2140983.2
11244,887842.8
5924,5725272.5
3001,4216300.5
4587,1692537.8
8303,3188523.0
2439,1491693.0
3060,3014088.8
8575,6037093.5
11031,1187124.2
2056,2641076.5
8657,1229533.4
7669,2562947.2
371,2043142.6
3985,1599578.2
279,1778498.1
2964,1739808.0
5411,1107746.6
4555,2620346.2
3310,2174947.8
2340,1085560.5
2139,1196381.0
578,1560884.4
2263,915959.1
11168,3490083.0
8198,1610838.5
6174,2197115.0
7566,1105124.0
5106,3074905.0
1977,1727311.1
5663,2584869.8
1398,2300712.8
2207,1222529.6
1987,1087445.0
70,2252046.0
12282,4019031.8
5913,6675510.5
6506,1550972.9
3957,2110966.2
881,1071628.2
1599,1230780.1
1989,4495973.0
1719,1335976.0
3669,1159788.5
7029,2504052.2
3537,3080009.5
8590,2375315.8
2974,2133256.8
431,4514637.0
12647,2696720.2
2062,2876350.8
8040,1560235.8
7744,2071226.5
6155,2625080.5
98,1635207.8
3514,1431030.4
776,1508828.6
3678,879554.6
2529,921109.4
1806,1952050.1
6359,1288829.6
200,947283.4
1477,2281260.5
1679,2839068.2
2323,2125419.2
917,1369913.2
430,887617.7
3723,1164060.2
6665,1418396.5
2719,1113653.5
10429,1190658.1
428,1861258.8
3995,1451506.2
393,931604.0
2336,2216756.5
2107,1100039.9
1242,888434.6
7616,2643874.2
11586,2818945.2
762,772452.8
1677,1510745.2
9356,1461473.6
4810,2742630.2
1643,2478433.2
1977,2308937.5
1102,1585465.6
2231,3946448.0
6369,1848712.9
8299,4301720.0
9088,2526023.8
12140,1245786.6
89,8479450.0
12948,3342751.8
2387,3696205.2
9454,2990914.2
10957,2775893.5
6075,1898650.0
2665,1572569.8
6511,3264984.2
3180,1465547.4
4079,3044179.8
7372,4106266.8
10509,1496169.1
3302,3021115.0
10714,1654201.4
1794,1560920.9
6467,1707528.9
10015,2001532.4
12005,2255003.2
11832,1447375.6
7524,2159745.5
680,2669402.8
376,4277489.0
8563,2306854.5
2826,918466.3
11426,3499540.5
6426,2311745.0
649,4968226.5
2190,2036404.6
11071,2585019.2
738,1081475.1
3915,3309323.5
2056,1664215.2
11297,1963784.8
2113,2020987.1
1235,1042682.2
12351,2145945.8
995,938779.7
857,1576445.5
1559,1675157.4
7580,2592510.5
716,866572.3
3161,2025581.8
6287,3203693.0
3061,1657670.4
2715,2002131.1
8652,3016308.5
8978,1836644.0
11641,4754895.0
4811,2319493.8
132,3243975.5
3930,2031704.6
12963,3828419.5
3625,963349.06
2256,1392379.8
11883,1802594.4
1393,4828289.5
778,2633738.5
333,1030496.0
2259,1442752.6
4898,3723647.5
975,796424.56
2130,2695876.2
12336,2216756.5
12354,3603115.8
1707,1178059.9
432,1858631.8
1815,1719364.4
12357,1953554.6
11140,3457636.8
9197,1576070.6
10500,3425884.0
12701,2283940.5
12111,2596099.8
11150,1814951.6
1933,2767852.5
4617,6160063.5
12312,2978649.0
7129,2406602.0
5744,3240266.5
3903,3465912.2
3017,3174607.8
8723,4046598.8
3629,1804216.4
2638,980154.56
1632,1608319.8
3922,1689001.2
2216,1024302.0
5267,4727357.0
11091,1387276.9
4964,2911003.8
678,1570255.2
4678,1322681.6
9836,1803621.4
8905,3611834.0
3150,1131655.0
1805,2471684.2
11262,1785367.5
8024,2981994.8
12988,1660256.6
1611,1452542.4
3466,1303046.4
2127,1170163.0
497,3356996.8
1647,1087722.8
2848,1058511.9
293,1807838.9
7256,2300558.5
9063,1731601.0
6441,2608071.5
47,2794419.5
5323,1256222.1
6487,1744735.2
1948,2046139.0
1659,2324268.0
1213,1187441.2
11663,1884566.2
3954,3123518.0
724,2165313.2
1930,1527869.8
7833,1012581.3
814,1710005.6
12190,1810582.9
4080,1754617.1
11344,2864903.2
272,1401710.1
10180,843416.7
6099,3349422.0
5797,1899358.4
7476,2407601.8
833,2236347.2
5545,2251757.2
630,2192607.0
1502,1460090.4
12148,1861684.0
1605,1730572.8
2365,1177049.0
12494,1965327.9
6244,2571033.0
3130,1396830.8
1870,1613556.4
10144,1536087.2
3752,1009232.6
5798,3390337.2
1765,1716934.5
11929,5018235.5
3241,2558215.0
8324,2937805.8
2688,1025439.4
2912,2484282.0
6742,4705496.5
2694,2347953.8
5237,1023437.56
9138,2690264.8
1773,1476582.0
3607,1670448.9
3968,1808607.8
1140,2288774.5
9624,906708.6
8311,2278993.8
202,4472458.5
2982,937404.3
180,2085111.5
3157,1379036.2
2959,2218269.5
1436,1503823.9
10813,3790474.0
7478,2138110.8
10467,2804231.8
5901,3290954.8
5981,1612244.2
8065,3575525.2
190,1045268.6
6240,2285075.0
1935,3550746.2
2952,992384.25
8170,2311456.2
710,1507058.9
667,1080219.1
543,4186793.2
3688,865442.06
3302,1883721.1
664,1354983.2
7706,2349654.5
2076,2308800.0
2500,4153704.0
2020,1684792.9
1913,1539655.4
3160,3783146.8
11817,1591919.8
5955,1860684.2
4195,1444272.5
939,2439415.0
7386,1981913.0
12448,1270409.9
163,1533721.8
831,1611344.2
1634,1861659.2
495,1378097.1
3411,1898054.4
8095,1565269.8
2251,1303867.6
1891,1235163.8
7473,2021439.0
8557,1538651.8
5766,2116298.8
9849,2202126.5
12269,2217712.5
5402,2979442.5
3601,1983854.4
9895,1262610.1
3909,1144120.0
10595,2160336.2
460,3752217.0
2883,669095.1
2405,942887.7
2969,1692912.1
268,1588473.9
558,3275738.5
10556,1542192.8
5476,2238880.0
8017,1934678.5
4865,2080863.8
11378,1913662.4
1364,2309419.8
3185,1790416.8
12622,1334965.2
1135,1595719.8
505,4245348.5
6459,1764940.1
10303,2116550.8
11899,1505665.4
3116,1040675.3
10073,2181403.2
3393,1354260.9
860,2240591.5
2410,1927530.5
5662,2630671.8
2210,1531877.6
500,2403337.0
1487,1439626.4
1971,1511580.5
9792,3716731.2
1768,1458636.8
1871,1079786.6
12803,2045869.5
3923,1502793.6
431,1278581.8
3151,1490973.2
4653,2664581.8
9918,4751080.0
134,3186334.8
6377,3211882.2
3233,3548091.8
1580,900174.25
3384,2173582.2
7289,5192585.0
9381,1513009.4
12592,2630957.2
587,1883748.6
7607,3087582.2
6963,2808490.0
8521,3166744.5
10499,2935357.5
12036,2305427.0
7020,2575749.0
8743,3097280.2
12157,1813967.1
11239,1542324.8
3663,2964655.2
9637,2976415.2
8276,1306389.8
3010,7036352.0
2409,1661353.2
6257,1549625.6
2017,1345855.0
12678,3913918.5
6112,3938508.2
2189,1013790.4
1080,1558257.5
2690,1236084.9
6163,2067261.4
5107,1804168.1
322,925529.3
6522,3394942.0
2068,2830515.2
3792,993489.9
2882,2178874.8
5589,1271854.6
5400,1398589.0
2114,2028856.0
111,2554597.8
4343,4366121.0
1712,3089830.5
548,579219.25
3872,691898.5
7453,1512853.9
3551,2786617.5
2332,1616087.8
1934,2281773.8
9736,1772340.2
1182,3882538.0
508,1463659.0
11486,3307181.5
8871,2104174.5
2011,1506204.9
4175,976434.1
1323,1480047.5
10789,2977474.0
6130,2567578.0
435,2849454.2
10805,1421389.9
3055,1829081.6
6164,1765554.9
5656,2394502.5
7336,2543442.0
4469,1992730.2
2136,1486828.6
5535,2811716.0
1231,3002422.5
11272,3274667.8
1021,1040949.75
2761,1365778.8
4704,1959191.9
2705,1360958.4
435,2765436.2
7989,3702677.0
2544,1586024.6
3767,1410832.4
7294,1685046.4
11474,1396518.5
2330,1833765.6
6619,1483646.9
6490,2919829.0
63,3224416.5
967,3262722.2
9740,2369115.8
1763,2066908.9
9782,2177887.8
2731,1440974.9
343,1636683.0
561,1209303.6
6501,1755933.1
10554,977100.44
2074,1133403.8
12584,3321283.0
1873,2241497.5
1213,861488.7
5906,2818995.2
3139,985257.9
4940,2774234.2
2446,1951740.5
835,1046110.8
10184,1376735.2
11460,2198436.5
2817,5038676.5
10662,2759534.5
9273,1755680.4
219,1732559.2
12943,2370880.2
1058,1885154.0
788,1444116.0
1160,1280564.1
2653,2876293.5
10599,5322747.0
5800,3613052.5
131,4757865.0
3095,3467405.5
1823,2410927.2
5447,4592767.5
12900,900162.9
1316,1891686.1
319,1995081.5
10480,2165424.5
574,1144737.5
2822,2501743.2
9437,1842947.5
4272,3786516.5
1782,2824506.8
11922,1741635.2
11326,1174901.8
1804,2288120.2
2003,4096542.5
7570,4996647.0
9632,2813319.5
74,2550348.0
7627,1421993.0
11876,1514827.2
1285,1806856.5
2212,1910013.4
2104,2517545.5
2659,2653950.5
1178,1650618.2
3876,1296286.1
677,1107048.2
6856,1666805.2
4256,3068773.0
12061,1362870.9
1948,1909584.5
12461,4876193.5
2673,2406435.8
11313,1532098.0
2597,1908939.9
457,851099.3
1430,1207344.6
8795,4733199.5
10465,879209.2
9807,2833815.0
1936,1664939.5
10108,848261.9
2310,2046045.0
10840,2576166.2
6251,1248795.4
1811,5168608.0
12972,3904579.5
12258,4077435.0
1830,1067300.4
8947,2007563.1
4771,1196938.8
838,1447586.1
2193,1084403.4
11547,1844688.5
1058,2152120.8
4039,3211728.0
1462,1738430.8
8680,1259342.5
6921,3460704.0
1385,1013011.0
410,1188476.8
8002,2196086.0
10165,1662156.2
351,1714522.6
1135,802156.2
3838,3603781.8
1287,4224090.5
3704,1327201.9
11620,2179027.2
5601,2229625.0
429,1687357.5
390,1230331.9
100,1187635.8
10524,2093530.5
12626,1395567.8
3230,2237028.0
9761,1994717.0
7283,1962946.1
1024,2157210.5
204,1841292.1
11060,1737215.8
10291,1203221.2
3743,2682951.5
2592,1357547.2
9023,2839841.2
11890,2314071.0
6321,1984554.9
1635,2035510.1
1501,1189012.2
11908,3108555.0
1103,2884651.5
1706,1763208.1
12992,2202749.5
1679,974653.2
2914,3934724.0
5886,3788441.5
3309,2568723.5
9983,2328462.5
10866,2872829.5
12463,2419651.0
9921,1381051.9
9528,2298331.8
8552,1047856.5
11997,5203038.0
8663,1452513.1
4638,1733891.2
247,935261.44
2111,1365554.5
2790,2603744.2
1935,1562408.6
7861,1191345.2
8018,2848393.8
9560,2028534.5
12985,1542270.9
2944,1297133.4
379,2015798.6
10391,2617387.2
2871,935072.9
1077,4303818.0
3339,2612585.2
476,2114064.2
1235,815708.7
2543,1022549.75
50,2255518.5
10897,3025822.8
4624,2510055.0
1752,1816566.2
1490,2364508.2
3539,970271.3
11184,1267100.9
3867,3089754.8
609,1003936.56
8666,1422173.6
5641,2703277.5
1376,2236897.2
11866,2479148.8
3832,1411219.1
3371,2489523.0
327,1442922.5
93,1895721.4
2066,1549841.5
1258,1477838.0
6068,1429405.6
1106,1771306.4
1010,3655262.5
175,4202683.0
9972,1365554.5
9963,2690016.2
12114,2643720.2
2204,2159672.0
792,2835714.5
288,1413857.2
1423,3655680.2
5514,1565550.5
11875,3296303.8
3955,3086296.5
6193,3028202.0
7041,1435608.0
3317,990146.94
784,3388936.2
8629,2080517.6
8620,4427968.0
8103,3513558.2
2801,1602172.5
8798,1433367.0
2569,1525339.5
3005,1652553.5
398,1256752.6
5046,4407237.5
4847,1474164.5
4917,2268083.2
615,2077445.9
3047,1094707.5
10407,2598656.8
6145,1291676.2
1161,1517890.2
162,2117940.5
9438,3077249.5
12852,2672721.8
6389,1677462.5
8115,2011119.5
7578,1699914.4
1044,1062765.8
1111,2224989.8
1394,1067430.5
1311,3869149.2
5018,1479783.6
4789,4306172.0
577,3008896.2
5043,2015981.5
1072,2743107.0
6541,2840332.5
7698,2716678.5
642,982771.1
6667,2816351.2
6388,1104648.1
3809,1720957.8
8445,2939047.0
1045,2246870.0
9038,1819526.0
1431,1106790.1
2448,1720741.0
3348,3157653.0
3412,1213076.8
4478,1017868.5
10821,1767619.4
6759,3094861.0
5318,2404936.2
3322,1540261.2
1047,2811553.0
2272,2419304.8
8808,935804.75
6987,2559176.8
3031,1365999.9
1372,2329153.2
11810,2487055.2
870,1774598.1
5742,4762854.5
1386,2081412.2
2266,886147.75
4279,2766151.2
1454,1100294.5
903,2193125.2
6594,2936561.8
750,1256238.4
142,2540330.8
12371,3981922.5
1617,1759458.5
4640,1898036.4
4569,1300332.5
316,1491682.6
10926,2814898.5
2374,977584.6
12550,1276436.0
709,3133231.0
158,1804558.4
1429,1600315.4
3854,2098100.5
2863,925529.3
10621,1617216.8
4289,2127608.2
6055,1671496.2
9832,2218262.5
2693,2641639.5
7011,1309726.0
2688,1561739.0
10259,3985734.2
10235,959792.25
9786,3052344.0
3014,2729821.5
9434,1756792.5
9764,2487051.8
2423,2225976.2
651,1432962.6
3610,1466217.2
1899,2159856.2
1063,1490296.1
4294,2008325.4
1422,2005454.8
10612,1206639.6
4837,1415630.6
4501,2404067.2
10549,2098678.8
1114,957485.44
88,1743622.4
7817,5860795.5
1980,2406545.0
1151,3340055.5
2404,1624336.4
4641,3190121.0
2942,5648574.0
607,1817726.9
4293,2447745.0
5274,958433.4
2701,2812070.8
445,1532247.2
7846,2665324.5
1138,1863797.5
7784,1390849.5
11617,3175346.0
1483,846605.1
11159,1568001.2
8513,1483290.2
8892,1307498.9
2759,2100899.5
4645,1993504.9
2505,1720301.5
2017,1633322.0
9450,3749129.8
2271,1694114.4
2548,1605823.9
541,2098344.8
2449,1755831.4
8912,1524279.6
3996,1527189.4
3866,1263786.2
2885,2239541.8
2111,464655.22
95,2819471.0
3071,2157238.2
10344,1368180.5
160,1054503.2
1039,1228613.5
1306,2153620.8
2725,1722373.5
868,1147030.1
11937,1295381.4
2177,813013.6
4366,1284527.9
2742,4132157.2
12845,3782046.5
624,4597864.0
1659,4128124.0
6569,1021476.0
179,2074233.2
12103,3068396.5
450,1436722.2
5796,2133982.5
2573,3100179.8
4685,1678587.6
1325,1203200.4
2623,2071130.9
3088,1096790.1
8992,3567390.2
9195,1558512.1
2862,1232812.2
4097,1490056.2
12294,1326231.9
1600,2271109.5
8716,2736964.0
11537,874560.9
7663,1179231.2
1206,959253.5
2184,2684156.0
3525,3358613.0
9221,3156301.0
2166,910165.0
3445,2895561.8
2278,2055651.2
4525,1352995.1
1354,2358962.5
10348,3100679.8
2023,2703527.2
1672,1380041.9
531,1257377.0
2048,2929032.5
429,1388251.8
9757,3616490.8
8636,1447846.2
7959,3826765.8
2886,1752006.0
679,1338943.9
1270,2117433.0
1618,3488733.8
1033,1945020.6
4672,1512044.1
5523,1516671.9
2398,2228559.0
1028,2678293.0
459,2558647.5
11788,1942104.5
3931,1963570.1
410,1706753.1
721,3301484.2
1490,4127161.2
2979,1169174.4
1967,1529195.6
3898,1910805.2
929,2919964.0
398,2848463.5
3304,1087428.6
2264,2475222.8
5436,2379819.8
5225,2682737.5
8587,2818319.8
4849,4233608.5
499,1017167.2
1460,1809609.5
2464,920665.0
2683,1818787.0
9029,3619312.2
3188,1597983.5
1737,1064951.8
549,3384601.2
1390,939573.0
10437,2776021.0
2787,953932.2
4062,3399850.2
777,1344275.4
5135,1900469.2
3521,1222993.1
2750,1068704.6
12286,2692942.5
3857,1970150.6
578,2295148.8
1944,1928776.4
3511,2104222.2
3262,1314729.0
1148,1201493.6
11137,2582482.8
2426,5110997.5
12440,1540306.2
2704,5829720.5
1222,1588164.2
2707,1123710.1
10643,2580290.0
2534,1375597.9
1777,1785770.8
2331,1556013.8
12938,3111748.5
1139,1308578.1
1636,1292304.0
3224,2751675.2
5747,2296851.2
604,3210383.0
1346,2392157.0
9891,2514480.2
2653,2163110.2
10722,1961877.2
2214,1129504.6
8519,2331143.8
3869,2355256.2
780,900162.9
5483,2573600.8
2495,2030253.1
251,1299495.5
8327,2903035.5
9610,2078045.6
2949,1877796.2
3713,2569047.0
2281,2156670.5
1704,2225995.8
2849,1870535.5
11160,1299598.2
5196,2779692.0
901,1523886.0
2204,925579.94
2348,953982.1
11923,1784440.9
3286,1916313.0
12299,1494003.0
1181,2768265.0
8251,1707211.9
2897,1536855.5
12548,1905426.9
2794,803621.7
2835,1036546.6
1115,2383406.0
9351,1436759.4
12288,3217834.5
6764,1451071.2
2009,5720599.0
1484,840735.94
12829,1634188.6
610,933490.3
2018,952376.25
8818,2451630.0
2270,1162428.4
7844,2454560.0
1755,1209755.6
3485,1142280.8
2501,1513170.5
2953,1110257.5
1395,646882.56
2171,1166256.9
687,1160595.9
1644,2277338.8
1697,1753114.2
3814,1527928.1
2740,1297355.8
2793,1911079.5
9962,1334583.6
641,3085644.8
12391,2831229.0
2590,2278956.0
994,3338034.5
2645,1583944.4
11386,2835714.5
1681,1070328.5
2564,1548956.1
7876,1581526.6
1345,950802.3
1417,1495848.0
615,1743530.0
2700,3301256.8
6521,1658058.8
2526,2544250.2
3038,1784729.1
5790,1059573.4
1919,1451621.0
5052,2003018.1
8895,2357932.2
12142,4288678.5
799,1224130.2
12389,4532794.0
1393,2643568.5
1373,3783146.8
12110,2716963.2
6469,2274050.8
1913,1581529.4
9400,1542659.0
570,1160852.8
1728,897703.75
7188,5298785.0
133,2676502.0
10485,6664032.0
3011,2067101.5
277,2660265.2
2296,2460970.8
10784,2286740.5
1749,1541123.8
1353,1898519.6
11853,2381575.8
2426,729761.9
4998,2232684.2
10103,6517925.5
2930,1784473.0
92,3015205.2
258,914963.6
2074,1823779.9
417,1818788.2
2592,3322495.5
6207,1735755.2
1173,1586390.1
3596,3357235.0
10366,1238160.2
1972,3822841.8
129,1432751.5
2375,2548841.8
2425,1618815.0
3938,1625174.5
30,1278342.0
1210,2250294.2
6950,2104222.2
4565,1160900.4
9377,1475844.0
1813,1488798.4
1529,1317062.4
1350,2455718.5
9627,3765988.5
4201,3169892.2
5115,1826147.2
10237,1082097.1
6367,3134600.5
2532,1759756.6
1267,2483229.2
1553,1174585.8
8861,942964.2
11037,3308749.2
2019,928743.75
983,1415630.0
6254,4018627.5
6036,2362901.0
7896,3061760.2
11579,4694669.5
9071,2130115.0
1415,2846898.2
8738,2159371.0
2421,984417.4
3887,2325672.0
2603,1846770.0
10495,1505700.2
7241,3913017.5
1486,842168.75
840,2426268.0
12633,2115436.0
3935,1680338.0
1506,1903117.5
51,839748.2
91,1245888.1
6525,2968967.2
2022,1371371.2
11218,1818104.1
10449,3393397.0
2851,2066280.9
1613,1896356.8
9444,2371750.2
10252,1189707.9
2062,2291175.0
6079,2334765.5
7797,2099957.2
739,1068448.0
12617,2783555.0
1809,2175455.0
9854,6440410.0
9749,2554524.5
12025,3736402.5
1865,590811.6
1647,3328753.8
6023,2384319.0
10484,1910415.2
839,3363196.2
1250,2737892.0
12366,2859178.2
680,671998.3
3932,3337931.0
2764,5061171.0
11247,1838874.0
1469,2085804.5
2899,1297272.0
6022,1674966.0
88,2872874.8
2565,1041327.3
3091,2231174.5
11493,2317186.2
2102,2153620.8
1296,2599861.5
2091,4481283.5
3628,1185933.5
2869,2523035.8
953,3150223.8
934,2373833.2
2249,1050771.8
8793,1304011.4
3503,1903970.8
5399,1583655.9
10727,2512819.2
3345,1206594.8
3402,1058460.9
7074,2764753.0
11381,1318024.6
48,1303425.8
12174,3627898.2
4823,1884459.9
8407,2438066.8
1898,4279475.5
3382,1239612.4
10289,3288267.5
2692,2031310.8
2014,1837075.5
8442,1552981.1
592,2093066.2
8920,2592758.5
4724,2555737.5
2187,2353046.0
4833,3238527.2
612,1059805.1
2465,3283112.8
12325,1702728.8
11278,1626328.2
8705,2358751.0
1026,841725.75
7917,2967065.2
974,5334105.5
2184,1252968.9
3273,1139719.8
3670,1279066.6
3516,1456901.5
11682,1640842.9
12243,2134154.2
7650,3523212.0
6091,2670209.5
12793,3203999.0
550,2844929.2
7754,4207537.0
763,1462231.0
1862,2360210.8
2306,1939061.9
11541,3537801.2
10529,1895036.5
9305,2275739.5
7135,1404376.5
2188,2628555.5
7038,2913848.8
1657,1486713.1
4952,1711374.0
3889,2036459.5
2106,2271109.5
6859,2744857.2
2293,2274781.2
1298,2021338.0
8050,761509.4
10507,5086300.0
5172,2635265.8
2241,1362870.9
7951,2326740.2
3554,1620036.4
970,2260775.8
3860,1731078.5
8588,900837.25
1870,1049827.1
7348,1804279.0
196,4354666.0
97,2289873.8
6568,2363384.0
642,1687895.5
647,1177898.4
2637,1140138.1
2150,1196185.5
928,2184829.8
3658,1715667.8
12807,1278581.8
1776,2646038.8
2571,2623088.0
1857,3793784.0
5497,2297745.5
2231,2361774.8
661,1508432.0
2243,1778737.6
7044,1325337.0
8878,1767182.1
342,2311600.8
4563,1231257.4
3868,2213246.2
722,1516205.6
7869,1376995.0
12770,1438530.8
7153,2692448.0
2575,2310907.0
1107,1590254.0
29,4969865.5
2399,1583143.4
6602,1420302.9
73,1562416.4
4562,2661031.0
8356,3468294.5
490,2080439.0
960,1113016.2
3896,2489334.5
9620,2293283.8
7125,1907336.0
10693,2709915.8
4118,2486326.0
3906,1706411.1
501,3146403.5
6236,1241392.2
3483,1308963.2
5479,4266668.0
895,1691115.4
2030,1902328.9
172,1353359.0
2958,2740243.0
7839,2328898.5
8851,1183888.2
127,1597311.8
2560,2235531.0
4851,1904270.5
6203,1771807.8
532,3347564.2
1183,1091712.4
1448,1109085.6
37,1642293.8
2830,2063100.6
10753,1805305.8
9524,1665793.5
6280,2423625.5
402,3218531.2
6876,4929237.5
1609,1256628.0
2450,1792728.2
3291,3567199.2
2352,1839685.0
3781,2539377.5
4227,834507.25
4213,1905732.8
8840,5144025.0
10260,6228940.5
12518,1603012.8
1065,959968.5
2150,4891369.0
3717,857835.9
442,2954707.2
10770,1990508.6
3066,1918930.9
8577,2767202.8
663,2831726.5
9176,2686655.8
937,1286415.8
3904,1290093.5
1621,2185824.0
12739,1511201.0
3235,1362511.6
2068,5486716.0
6399,2563236.5
3110,2850787.5
2018,1557863.6
280,2344607.5
10385,1812098.5
1864,2781945.0
3761,2174244.5
9392,2316240.0
6621,3438927.2
1855,2186013.2
638,5528273.5
2375,2077584.5
9563,1686991.4
4036,1524102.4
3626,1913708.2
3099,1543097.8
1468,1004206.94
11004,4064041.0
1031,2001699.4
1633,1347665.1
3541,3245708.8
1937,1060787.0
7248,1094220.9
10846,2841403.2
1034,850575.0
2007,2823286.5
3510,1956795.4
6047,3371532.8
5934,2074233.2
8855,1481797.8
109,2186495.0
2261,3179033.5
7075,3886617.8
1129,941170.56
9161,2636079.8
10779,2306854.5
1764,2136415.8
2364,810188.2
1297,989020.25
5575,1678048.2
11287,1705425.9
2218,1216065.0
6902,2073615.6
1025,1479753.0
3027,3143038.5
1594,1155975.4
4691,4086114.5
303,3992465.5
12095,2729251.5
2652,1307044.8
2708,2065347.0
1141,4184527.5
10822,2230633.5
6808,2723972.2
2605,1747929.4
10096,3575216.2
1381,826820.5
8294,2955224.5
1889,1845800.5
1212,2331868.8
10068,1232474.1
2463,1574200.0
2448,2097776.2
4842,2443598.8
7712,1473438.6
79,2726642.5
6666,1977520.5
6711,1730877.8
10570,1596962.0
3320,2260643.0
8386,1805965.1
11428,3193450.0
10059,2961945.0
8479,1427780.9
9567,1551496.2
8699,2183532.5
2722,1371576.9
522,2112836.0
7905,3724742.2
1710,1072250.0
5986,2739937.5
7495,1328923.5
12565,1577783.4
1535,1820373.4
1213,3880117.8
3169,1558257.5
2223,2735210.2
654,1026162.56
6224,2455931.5
1606,2854751.5
10028,2024303.0
11557,2918270.8
2361,1330784.1
8490,2482963.8
223,1746035.6
503,999182.56
5561,2800783.5
11943,1347956.0
1310,2126685.2
1002,2311584.5
6973,1813303.9
840,1282794.6
256,2223743.0
4188,2696316.0
10081,2470499.5
2242,1053063.4
827,1669921.0
255,755103.56
520,1499906.8
1243,2143729.0
2969,2227555.2
9181,1863329.0
7858,2038360.4
7802,2920940.5
118,1116185.6
7583,3866900.2
10701,4479183.0
12038,2951210.8
136,3086159.8
2905,5731667.5
3315,1339566.2
1736,2487599.8
11540,2656626.2
2415,1049511.0
1273,3326389.0
209,2778510.2
9745,1961727.4
2754,865903.25
3307,1524347.0
1149,1102586.2
6019,1602650.1
10655,1837339.8
7788,2106188.5
1389,1201439.8
1231,1649632.6
3876,938998.75
4447,6233571.5
3857,1243838.0
203,2846374.5
589,2356530.0
1119,2191016.0
2703,1540437.4
10654,1685599.0
1051,1746015.6
8932,2398773.8
702,2040656.8
5295,872683.7
4871,2938250.2
446,2791279.2
1435,1031900.06
9863,1773201.1
12725,2417482.2
12223,1874744.2
1327,1897700.0
3098,2369366.8
7499,2816660.8
12799,1763959.9
10114,2213298.8
4841,1505714.1
5654,2020492.2
12892,3361955.8
1984,1521755.2
12763,1185622.0
1098,1654294.5
140,1214606.8
1733,1105671.4
7930,942848.8
7058,6088075.5
1345,801978.75
3325,1884193.8
4419,2116754.2
8287,3703754.8
12890,5089430.0
4284,2072164.5
1873,1375913.1
1724,1907464.6
2749,1859733.2
7252,1069318.5
9690,1838672.0
3297,1021402.9
1316,794216.9
8515,1082865.2
3875,1652517.1
1797,1489143.6
5022,2589804.0
6768,2979024.2
1052,1498924.0
6555,1916185.8
12783,2256481.5
5357,2767887.5
8455,877903.06
5750,1231417.5
2485,1743530.0
10644,1712845.6
2403,1389421.4
6455,2463666.2
869,1348909.8
10287,2227799.5
1176,1843729.1
253,1433240.4
2072,1625075.2
7435,3151566.2
2255,2369140.0
976,2674914.8
12808,3918903.5
81,1404812.4
11759,1290616.1
2774,1326005.6
9564,3251305.0
11767,1391701.1
11667,3688553.8
2752,1764359.4
2796,2829808.2
8134,1581770.5
6565,1469000.8
3079,2662805.2
2900,1108641.8
939,1524825.9
5256,1539184.5
3679,1567971.2
2790,1704901.4
4961,2005121.9
1347,927918.2
7113,3234627.2
2698,1676444.9
314,1427821.6
739,1939151.6
977,1812192.8
5363,2143588.0
9890,2892685.0
4067,3958086.8
3978,1090578.4
3108,2471635.0
5471,1559673.5
8486,2521956.8
8700,3167785.5
5957,2882968.2
898,621544.3
2128,2620333.0
5260,1342910.1
155,5872920.5
2100,1216065.0
1649,2926574.2
3406,2615378.2
1510,1843751.9
5722,1776679.9
3785,2129675.5
12458,1575607.8
988,4230530.0
1704,980027.2
631,4724941.0
689,986822.0
11499,1742183.5
9810,2362265.8
2733,4029379.2
8210,1475322.8
10742,2459070.8
1572,1862902.4
4198,6361965.5
1696,2907206.5
12662,2165748.8
11201,1073592.9
163,1527090.6
9225,1904840.8
2352,3047073.5
847,2015774.5
9662,3421278.0
244,867847.2
536,1090279.1
422,1121603.8
2839,2404065.8
2491,2042253.0
2261,1583590.2
9914,2021402.8
8856,2131493.5
197,3367102.2
2536,928657.1
9175,844154.3
930,1300056.5
472,1677781.2
4435,3257975.8
5614,2701117.2
10211,3200781.8
647,2325821.0
9040,2386480.5
1971,2010939.6
8394,2402899.0
2711,880656.9
244,1661597.4
2658,1366000.8
2249,1190224.6
10266,2997639.8
2898,1717656.5
3820,3530301.5
10515,1354059.8
1343,1897432.4
1174,1022996.9
2451,1987497.6
2477,2007432.2
2770,3266579.8
3026,3990958.2
7374,1842222.4
6333,3875249.5
3523,3568774.2
2305,2840308.5
2327,2646799.8
112,2631054.8
10649,3495286.0
10685,2925122.0
1327,1812662.9
9013,3264131.2
2257,1661167.6
298,1562215.9
1573,2329590.0
345,1225880.4
4708,3130753.0
9169,2168849.0
1673,1598779.6
479,2275038.8
9150,2878897.8
8230,1070512.6
9271,3724140.0
655,1489207.4
2428,1315326.5
178,3745112.5
6114,5178786.0
8721,2300930.8
2424,2412489.5
10690,797570.5
2655,949458.9
1403,2472886.8
3741,1275543.8
3782,2814696.2
6751,2217535.2
8488,3382300.2
4798,2561381.0
867,1200296.8
6684,2586076.8
3705,866272.7
2263,2917253.0
1885,2560787.5
11727,1558075.8
2754,1065200.5
11535,8941954.0
4684,3098171.8
12297,4462166.5
9472,3214153.2
3247,1765554.9
6084,915064.94
4000,2259665.0
9199,1940141.0
8137,4027194.8
7242,2726205.0
836,1484287.2
3353,1975531.2
11458,2003798.1
245,1379636.0
1835,3070447.0
94,1791648.8
11782,809681.75
1942,1277498.5
7776,6143291.0
1818,1337111.4
1761,3123840.5
6712,1157828.1
608,1459598.4
1378,576769.56
1269,2366761.5
443,1827724.5
10961,2570104.0
8476,2748187.8
1105,928343.25
7151,2818216.0
1189,1162789.4
2628,1509024.9
2506,1649697.6
1807,1805796.4
2187,1405029.6
1956,1916346.2
1839,1250734.4
2356,1982354.9
4144,1808410.5
138,825642.4
6787,1560441.6
6956,1348731.8
2700,1697055.1
2438,1676696.9
1881,1487975.6
2350,1284837.5
7230,3139405.8
2687,3111487.0
7940,2930145.8
888,1640385.1
47,4014370.5
9946,899087.94
9653,2661455.8
6632,1697084.0
546,3903782.8
2257,4130654.2
11818,1761739.2
10803,1767821.8
8030,2531221.2
1708,2346966.8
454,5521888.0
137,3217146.5
3288,1589590.8
2250,2385453.8
121,3062307.0
2185,1816008.8
2621,1434769.6
8734,1469172.5
2220,1798723.5
679,1005768.7
5566,2240299.0
286,1312389.2
6181,2089804.4
4809,1575729.6
8203,1952181.0
737,844548.5
2559,2002317.1
8220,1445524.5
9966,1791779.4
10406,2309270.5
11293,3031636.2
10997,2358835.5
2281,1652923.8
2320,1575597.2
3333,2541947.0
2105,1557418.8
468,3028268.8
2538,4205802.5
3243,5603702.0
12154,1556734.5
2400,2593694.0
9930,2593783.0
4199,1263750.5
1406,1303425.8
2387,1600340.2
2802,1285327.5
11837,3940617.8
1445,2108542.5
1191,2366685.0
2398,982212.1
420,1987386.0
11892,3631004.8
2520,1913278.0
3698,1511669.8
3740,2413986.0
8628,2968896.8
1282,2190823.5
6708,2444727.0
11123,3744242.2
2188,1236588.0
421,1200551.0
8290,2724361.2
701,1097638.5
1472,1360991.9
12014,1973299.2
5532,2024788.4
8595,1952080.2
1007,1010287.56
2199,1225207.0
7884,2324736.0
3016,1382009.1
1652,1539510.0
10038,1451107.5
8529,4464245.5
5665,4394683.0
1482,1721439.9
804,1406557.9
2089,2104222.2
4003,1901132.5
2570,2572829.8
735,1361417.1
9674,4259328.0
12862,5004115.0
7123,950327.3
5091,2945749.8
594,1440039.8
1410,3568125.2
6190,1729113.5
6574,1646402.0
2843,1103675.2
2933,7596612.0
10339,2596233.8
159,1480963.8
3459,4363845.0
4015,2555856.0
797,1056396.6
448,1390156.1
9177,1311304.9
892,1361417.1
2397,1293020.0
486,1477081.1
3686,924824.25
9760,3425257.2
3676,1318175.6
12308,1943604.8
3029,2193948.8
1827,5056122.5
2762,1717690.5
926,1224035.9
1276,4152189.0
179,1539660.6
3396,1173322.0
12047,949440.75
9881,4259483.5
104,3011801.2
11364,1374966.6
5227,2351941.8
10670,2120262.5
3362,1903639.5
5059,1134284.4
4004,3958464.5
12160,3348202.2
8662,2204421.5
11542,2476135.0
1802,1357638.1
2614,1426871.6
10993,1365818.4
12951,2900031.2
7364,2330536.0
2879,805882.7
12898,2885408.5
3057,1411820.2
2161,4348542.5
3632,2246443.8
5259,2153164.8
5186,1935315.9
3359,3257967.2
714,1142449.0
1185,1699930.4
6093,1875702.0
4308,1679984.0
463,1942213.9
1252,1331552.4
12730,2031105.2
10648,2209456.2
8691,2021410.0
9327,2927129.8
632,1734514.5
3334,2311329.8
12758,3439410.2
4318,2825457.2
1146,3485153.0
232,2130593.5
3623,1471347.4
877,2194620.0
5469,4503205.5
10442,3523774.0
10574,2950509.8
5272,1384615.2
3769,858316.75
2301,3105609.2
7639,3495641.5
1538,3824959.2
375,1634608.6
3802,1720085.5
10521,1449820.2
2722,734107.1
1697,1138472.4
12129,1878154.6
3444,2377502.2
3074,1220485.0
1422,1341483.8
7877,2924594.5
6134,4721580.0
528,1179629.4
5537,2148862.8
1523,1300176.2
5610,1451268.4
3692,1792013.5
6061,2478703.5
9957,2033628.1
1197,1776741.9
1693,1467243.4
1719,845685.3
482,2081859.0
1574,3595790.8
2985,2105646.5
6259,2938515.2
3900,951399.1
2583,2647284.5
3950,2552773.0
1467,1252763.5
1537,1906784.4
349,3447615.0
9284,2729189.8
1766,1938562.8
5184,2162446.8
893,1968838.8
12107,3392139.0
3684,1402192.4
5591,1654294.5
10710,1641210.6
2948,1009039.5
1030,1585648.6
951,2484898.2
8615,2680367.5
7728,3884781.0
7338,4056016.2
11014,1854058.8
7001,3424078.8
1551,1676206.0
1432,1547099.4
2375,1013253.25
2839,1355880.5
10019,1613751.8
1922,1641302.9
2386,1936330.2
3679,3481406.8
10197,3352387.8
1218,2242035.8
809,923556.25
8353,2294849.0
9193,2572279.2
7213,4993577.5
1555,2612338.0
42,1113723.0
572,1150730.0
12543,2727903.0
899,1104454.8
3944,2946845.8
4130,2552410.0
558,2095433.4
2338,1470198.4
2518,1539000.5
4260,2266192.5
3196,1628541.1
7195,2291896.5
11790,1295312.8
3409,1513718.2
401,2018176.0
11392,1243471.6
12466,2650494.5
9879,2613052.2
8382,4025668.2
12537,1725788.4
1103,1663760.8
6241,4551027.5
11805,2827379.8
2992,2512271.0
11127,1038259.5
1983,1360535.5
3431,1426146.8
5814,1450756.1
3119,892133.5
594,2315272.0
3706,1575324.2
2054,2320332.0
1010,1395086.8
443,1339601.8
4720,712914.4
529,1416061.8
1254,1455820.0
876,1902604.6
782,4817904.5
8713,1542324.8
1688,956784.5
7883,2179278.5
10315,1897505.6
7376,2943990.2
3559,977388.8
5759,2193446.8
11396,1151650.1
1568,1408612.6
8821,2592484.2
2904,1379574.6
1078,1541414.4
7253,1874543.2
2404,2112836.0
3080,2356509.2
1526,973212.25
2824,2011453.2
299,1334563.9
2968,1205516.9
12384,1205571.0
5385,2465693.2
1427,1592799.0
120,809093.1
9333,2299052.0
1234,4365281.0
3757,1554421.5
10125,2426424.2
7009,2093615.8
2907,1033429.4
2651,1543472.9
11489,1827140.8
4747,2620061.2
2915,1653980.9
2281,2264115.2
11423,1764316.4
11250,1271195.0
7954,3141292.5
7398,1800399.1
12434,1929908.1
3835,1622381.6
2952,2434385.8
10140,1417337.6
4164,3138988.0
12698,3007440.2
365,2689746.8
9691,1910435.0
12876,2813762.5
10808,4434271.5
5533,2662460.5
6,1382360.2
2250,1193428.2
8837,2221236.0
7363,1942161.2
1747,1259482.1
638,1563598.0
6000,2526314.2
11702,1980562.0
9923,3580289.5
2424,1455820.0
6474,945918.2
8731,2502844.5
532,2597131.5
1579,1983245.1
10224,2468522.5
12889,2080730.1
6890,1396771.5
301,2582349.2
5169,2416575.8
5757,1212219.1
868,1605325.9
2076,1526355.1
1045,3737334.8
5114,3450660.8
7335,1326997.0
247,4950817.5
6606,2510979.8
12724,2698493.0
718,2190552.2
12074,2913318.0
12382,788917.75
2302,1552789.9
10399,2369664.2
7371,3063902.0
10009,1763934.6
2043,2416287.5
9224,3134422.5
3223,1747696.1
1994,1599844.8
4693,1209462.1
7803,1939338.2
6296,1566008.6
491,3602416.8
2903,1920761.0
6980,2246929.8
7233,1402493.4
5751,2068118.2
3895,2437636.5
911,1329968.9
844,1207617.9
1100,1765615.0
11709,1464362.6
11373,3288654.5
5420,2404292.2
1950,2276929.8
1485,1506626.1
822,2130595.0
2713,1611727.0
1652,3901103.8
5249,3270742.0
4506,2725467.8
2020,1348282.1
2708,2330548.2
4909,1360984.5
2466,2096782.5
1775,838340.9
12376,3017588.0
2125,1182068.6
5632,1484055.1
6177,1899018.0
920,1454557.0
2440,2364357.5
322,1579358.8
3543,1948745.2
45,1493956.9
25,4295031.5
9926,2191706.5
5017,2841881.0
769,1149116.8
749,2848983.2
6121,1105671.4
1955,1644116.8
652,1106211.2
6730,1488243.9
7871,2248316.2
5869,1062559.5
8343,1852897.6
1171,1602788.1
9985,1517245.1
12960,2116924.8
1207,1838009.6
6735,997996.2
10534,3909168.5
1780,1102626.5
10844,3427985.2
3404,1058070.0
7321,1867276.1
3147,1151381.2
1804,2065151.6
4723,1604718.8
12257,1563647.4
7286,2770991.5
126,1618815.0
7641,2564247.2
8894,2587947.0
12583,4547760.5
2395,2428068.2
11724,5312551.5
3452,1812085.4
5130,1194516.5
4773,2156046.8
1277,891749.94
12261,2645688.5
10582,3324338.8
2542,1368093.9
2536,1508861.5
2061,1855512.4
1934,2409970.5
2582,3185427.2
2547,464655.22
3386,1757265.8
2843,1471898.1
4101,1314140.0
11692,3830541.0
9108,2483392.8
6208,2923730.2
1949,1413043.1
341,2849186.2
555,1867956.1
9906,1327830.4
2069,1793059.5
12051,4142143.2
1326,1523352.6
1773,1775686.8
8117,1925343.5
5732,1517452.6
11631,2788192.2
2391,1290874.8
10430,2331372.5
871,1154068.8
963,3231384.0
10425,1459293.8
10157,1138177.8
2044,2039784.4
9042,2202749.5
3008,1694835.8
3548,929129.94
8064,1830860.8
7547,3112776.5
1722,829534.7
1236,2162550.5
1205,1300056.5
3073,1063111.8
2956,1426738.5
927,1944545.6
12931,2565103.8
4660,1539655.4
9908,894257.1
6523,1885782.2
3046,3003497.8
8352,2013426.9
2312,2674888.0
3072,2462989.5
10010,1253893.5
10916,2326647.0
8212,1034705.06
3520,2146920.8
176,2532908.8
8883,2295503.8
1689,1688909.9
12939,2887152.2
2729,1631397.8
7633,1916674.0
2292,1937342.0
674,1528920.8
7218,1054035.1
556,1692480.1
381,2315272.0
1974,2457723.5
4416,3143219.8
3646,3571907.8
5050,2484657.0
1411,972156.6
8328,1915496.0
1662,2537560.2
1190,2209862.5
10531,3847009.8
2823,2588123.5
1425,979746.4
2400,1285912.0
10896,2496753.8
12857,2385950.5
2112,2361588.5
6886,1344792.0
12267,2691063.2
11988,2162550.2
2522,2501910.5
2528,1503785.4
925,2067125.0
2644,1718138.2
1808,1114813.8
8860,2539980.5
5633,2343372.2
11888,2872829.5
4839,1112004.4
1607,1353879.5
8936,3198334.2
1155,3182629.2
3587,1898275.0
12920,3301484.2
5356,2078681.9
915,2388468.5
7269,2947111.5
574,780705.06
8,948999.5
3273,1866917.8
541,4330616.5
1318,1023221.2
811,1083504.6
940,1211680.0
439,1499030.9
1387,2823389.8
2210,1985635.9
6762,3286370.8
2192,2766873.5
4918,4206777.0
12457,1703583.1
2850,1447213.9
1342,2024715.9
1640,2915511.5
821,1176412.0
2876,2592005.0
12690,1346524.8
12015,1340293.5
7853,3052451.2
1000,1436790.9
10884,1710996.5
2912,1643901.1
5422,1052233.0
529,1344311.6
971,1073343.0
1895,1745573.0
9673,2479421.5
4035,1220696.6
10810,2115193.2
2081,2888233.5
248,1585447.6
369,2985362.5
3654,2034973.0
8993,885632.9
2228,1475277.1
2827,1080661.0
6600,921298.44
3227,1657397.2
5508,2259960.5
3993,3065217.2
4561,1710953.9
95,2361177.2
75,1474941.4
10147,1487826.9
3869,1362621.2
2736,1579358.8
10816,1923963.0
12713,1322122.4
3015,3009009.0
4988,2518328.0
2528,1661799.9
5558,1361230.8
6162,3464797.5
455,1091298.8
9508,2626889.8
9605,1851193.5
5505,3459709.5
12006,2116604.2
6620,1478995.5
11398,4535353.0
2138,2602831.8
3917,1610786.5
2045,1780269.9
11628,3470073.0
842,2017514.9
8485,2309419.8
5299,2758511.5
7816,1901192.5
3184,3790136.2
1064,1644568.5
3525,3857532.5
1400,2518295.5
3794,2632711.8
3962,1696553.8
1689,2227518.2
221,2682790.2
1124,2120357.0
11585,2897805.5
3972,1130826.6
436,2207356.8
8526,1219875.5
87,1614601.0
1910,5741465.0
12533,2394284.5
1781,2674669.8
10396,2224658.2
768,2857792.0
6775,2809905.0
9387,2707165.5
28,1219764.0
9685,4229658.0
12969,2716233.5
1763,2711473.2
6431,1330134.0
1510,1202219.5
11960,2657295.0
8110,2025581.8
2797,1558887.2
1042,2258052.0
1454,1976167.4
7042,2437647.2
2935,1050512.6
8822,1800387.8
368,2848499.2
2066,1204483.1
1811,1784473.0
12162,1902751.0
1324,3040535.5
1700,1717690.5
6316,2853720.5
1840,1499580.1
9229,2397939.0
11823,2893267.5
2588,1508261.0
12838,1904943.4
1019,2947905.8
10448,4269039.5
12576,2356839.2
11792,1761277.1
7965,1697741.5
4286,2809962.8
4337,2263662.5
9254,1492561.0
3836,2969272.5
463,1694221.1
3571,1112024.8
1859,2263000.5
2623,859535.8
12065,1756574.2
5574,1915817.9
1542,2341912.8
3322,2404215.2
6719,1012127.75
2639,1008949.56
8719,1388859.1
3105,1929121.6
12143,1332782.4
7672,3864273.5
11196,2122491.0
3052,2496099.8
12273,1057249.5
1437,2764836.0
9104,1861657.0
2456,1288277.4
2334,1081379.5
5644,1413778.1
12691,1103773.6
11001,1331600.5
4050,2879234.0
4425,3178880.2
2366,1413355.0
2248,2231710.0
8211,902791.75
2454,1318491.4
1962,1494402.8
7581,2406620.5
9705,1221568.1
152,6840220.5
645,1085560.5
9897,1415790.6
5555,2724402.8
4280,2949961.2
2723,701291.3
555,1460991.2
2078,1425844.2
3976,1458917.1
6322,4970235.0
3555,1180300.5
9928,1259773.9
989,1989212.8
3711,1026263.2
1785,1587006.5
8147,813896.3
102,1629364.1
8940,2119268.0
3121,1470422.8
977,2087708.4
753,1127240.8
1027,1491656.6
951,4705231.5
8412,2227308.0
10013,1919912.2
9456,1223646.2
3330,2682085.0
2195,1911618.2
2436,3414723.2
771,978913.6
2716,1769196.8
12127,1103504.0
8876,1258629.8
3199,1496263.2
4983,2913593.8
11405,3969592.8
3298,933875.4
1073,1627429.2
11482,1921917.6
4692,1744149.0
6396,1204705.4
2111,2474093.2
181,1212554.4
932,2807362.8
11523,2681301.0
1390,1143229.2
1902,1388984.0
6867,3944010.5
5078,2557906.0
7190,2231664.0
2319,2501053.2
11572,1657963.9
4754,3993261.5
10198,1288038.4
27,1706696.5
815,2058117.1
1521,1645008.9
3364,2372316.2
1283,1264566.0
5859,2227470.2
8332,1814562.9
904,1116993.0
11264,2086291.1
2917,1790085.9
1453,1208713.5
2471,2058898.4
3716,2299984.0
7724,2748241.2
941,1908341.0
6391,3018525.2
787,1834750.8
3811,2546733.5
1795,4017226.2
9074,2480064.0
8729,2261166.0
8514,3544909.5
2634,1233606.1
1478,1562574.1
4011,2558178.0
11715,7074976.5
3369,767940.5
3041,1445032.5
505,2892698.8
9113,2532793.5
6338,3503761.5
2639,2091109.0
12989,1617944.1
7779,1823779.9
5470,1813993.0
6815,770224.5
5408,3534534.2
3675,829534.7
2579,1947347.1
845,1522530.8
993,2073524.9
58,1894203.9
5536,1515575.8
1138,2165443.5
1395,1816319.6
2561,1655342.2
5119,4577399.5
12566,4909543.5
1542,1435602.4
7360,1730700.2
2084,1684034.5
2010,2361537.2
8565,1851942.2
805,2107899.8
1978,1586715.0
11704,2366332.2
12955,1163594.4
139,6786920.0
8127,2375405.5
1507,1024714.56
10194,1210316.5
3057,3080716.2
3125,2069886.4
6408,1469800.0
2986,1584042.0
12572,1496054.9
3696,1222445.6
7353,1619914.8
12599,1868137.4
6927,1956583.9
8862,2521893.2
6561,2467083.5
4214,2598568.8
10908,1955376.4
1792,2057673.5
12001,2004334.9
2413,1774198.1
2946,1091712.4
2798,1149889.6
3449,1651124.2
2009,2563353.8
7268,3229872.2
10482,1581614.8
363,1454000.8
6465,2481062.8
11095,3425349.5
2554,1810150.8
10964,2039604.0
5177,2805684.5
927,2721309.5
486,1417382.1
7751,3218592.0
568,2556483.8
7308,655404.56
2258,1125090.5
3035,3583457.8
5390,3047886.0
2363,2683980.2
139,1585177.9
4874,2459837.5
12418,1871846.5
2365,1479799.8
1483,1455820.0
347,1025535.8
2582,2604165.5
10520,2051154.1
1178,2062548.8
2035,1262674.5
12861,1563497.5
4012,1491814.0
7072,3206350.0
2895,850829.0
3699,1766526.0
115,3335881.0
9718,1202523.9
2792,3129414.5
1149,1213871.4
3063,2156106.8
11215,3019499.0
5974,3372321.2
386,1053071.4
724,1300081.0
4129,3202337.5
1230,2394400.2
333,1985128.5
4760,5276598.0
10819,1442859.6
7416,1851839.5
475,1595997.2
1166,1844446.8
1713,2821880.8
3171,1553262.2
834,1591457.4
9584,2005012.6
6298,1107311.9
2798,890316.06
1284,956383.44
1211,1572569.8
4674,3396189.2
1979,891557.4
9248,2033685.6
2404,2750556.5
952,3657984.8
8755,1492269.2
5660,1825784.9
4290,2993110.8
1299,2035737.9
12231,1989311.1
808,3427590.2
2838,2040615.4
10017,4183954.2
698,1910650.2
2333,3057909.5
1265,4695891.0
9922,5300434.0
7795,2930003.8
740,1901411.5
1084,987230.4
3673,2321779.8
7824,3049566.2
12760,3001299.8
7843,1633107.1
1169,2537307.2
168,962264.4
2583,4398820.5
3096,4106283.0
11471,1256088.4
2116,1458408.4
7564,1605254.2
8028,1847116.2
2715,1281546.5
2461,3096221.5
3228,1509589.1
6090,808233.3
1821,2905299.2
39,2501563.2
5396,2203191.5
10337,4014098.2
8899,1438673.4
10548,2477512.8
629,2601703.5
6264,2219476.5
3973,1911249.9
12120,912495.56
8116,1780943.4
7166,1315353.2
1674,1147187.0
2234,4528628.0
2767,2023114.6
7043,792495.7
2403,5075246.0
3952,1984587.5
3279,1792678.8
10209,3798966.8
3839,2961400.5
1625,1296523.9
2884,3025785.0
9882,936032.06
4592,2907245.8
2778,1608302.5
783,4703119.0
1071,3850946.2
12321,1594030.4
234,1706173.9
11549,1226262.5
2286,2973850.5
1945,1632931.9
8962,2063562.6
1766,1419485.9
5291,1482440.2
8169,4812068.5
2213,916211.1
4743,1646366.2
264,2179783.0
12800,2613709.5
2986,3383807.2
6691,1611925.5
9619,2706314.8
7357,3526112.2
908,1489011.0
11477,3870527.0
658,1652071.9
810,3777794.8
8531,2415071.2
562,1559523.5
37,1021455.1
2218,2038679.0
2015,806737.6
1595,1472021.4
839,2095364.6
1803,1002631.94
686,1284514.4
8215,2375536.5
2158,2425870.0
5602,2242983.8
1245,985137.25
3802,924476.2
11839,3529577.8
10393,1172623.8
11063,1038695.5
12912,3603781.8
848,1787523.8
2654,1902079.9
2757,1641221.0
12147,2700558.8
2854,1118992.4
11005,2556332.0
10674,2464303.5
9828,2581066.2
2479,3675048.5
8507,2563553.2
1626,1009232.6
295,2830131.2
11120,2095399.6
222,1194904.2
1101,1382762.4
4071,4119864.2
4184,1890899.1
2513,1356339.9
6878,1581042.8
2816,1246151.4
1608,2259264.5
11650,2674032.5
2617,1154078.4
11020,1718816.6
3267,1178194.9
6860,3399593.2
10713,974861.25
2329,1158268.4
9189,2006540.2
13,1342199.6
2634,1703581.9
313,1906613.1
3085,1395465.0
5599,1151215.5
11138,2184970.2
10388,1424467.9
7119,2379816.5
9265,2001036.8
1481,1342923.0
778,4461484.5
3383,3172117.8
6038,2781066.5
9522,4065358.2
5185,1371197.6
9546,1859263.1
11371,3413638.0
1883,2263470.0
10080,4099571.2
2608,4154558.0
2313,1315762.5
6351,6371486.5
12088,1217106.0
4230,2315054.2
727,1947564.0
10333,2934677.5
4125,2060904.5
814,1047582.94
1259,1532353.2
5905,1109943.1
138,1531463.1
7748,991753.44
1819,2066702.5
6777,5339327.5
6454,2769959.8
9851,2489069.0
2634,1773458.8
3432,1021476.0
11716,2669669.0
370,1581985.6
7734,1895771.9
2229,1901434.9
3818,4784996.5
119,1476245.4
3591,2285803.0
175,813898.9
12010,1918326.8
3907,1059634.5
10995,1036009.44
1905,5157278.0
1870,703143.8
2686,1547099.4
6625,1953816.9
3087,2401249.2
1961,1051359.4
1063,1748565.4
2854,2172372.2
3068,2592330.8
5818,888804.2
10506,1069071.8
1033,2506073.2
3695,3551203.8
2517,1615601.1
1407,1930446.1
1857,1859057.8
3219,1292843.8
693,1485626.6
2116,5055062.5
2800,2809655.8
903,1367527.2
11217,2827256.2
980,1616130.4
12674,2444817.0
2573,1777634.9
6919,1745218.9
2198,1079004.1
3370,2053228.9
1819,3661447.5
7487,1285328.5
55,3286352.2
1091,1141772.9
837,1792678.8
24,1557242.1
8060,2755423.0
3672,2283163.8
1114,2066865.9
1265,1296717.5
2566,1722055.1
2154,1709623.6
6572,3312029.2
10533,3920581.8
535,2754621.0
7878,2966821.2
10054,4580376.5
17,2600268.5
6709,3347088.2
10189,1466914.5
11938,3154889.2
3300,1086839.9
795,1293658.5
1025,1151603.6
4572,2809436.0
9733,2291446.8
11506,2848393.8
9072,1044898.25
3637,1906698.9
12833,2414300.8
6200,2400111.8
2153,2201386.8
11490,2051630.1
777,1597629.2
1834,1207158.8
3175,1942351.9
468,4671154.0
2496,1236764.6
3852,3002625.2
1958,2629746.5
4758,2282081.8
2242,3352671.2
6146,3665405.0
1061,1855746.5
1116,792495.7
2297,6684235.5
12661,1201982.5
13,1533946.4
12339,2102371.2
8806,3525789.8
1748,3531868.2
10974,1129064.5
2034,1919368.6
185,1344275.4
1256,1376290.0
1975,1290253.0
779,1737990.8
8009,2164984.5
1186,2541792.0
846,1356859.6
10398,2361807.8
2987,2203464.2
3603,1404458.8
2444,2247060.2
12926,1708496.5
11316,1415790.6
4637,1264385.0
1265,1878119.5
5707,2385575.0
1767,2232107.8
9986,1079526.4
8239,2429561.8
2071,651261.8
7026,3110486.2
3489,1107568.0
2276,1845800.5
6209,4674170.5
10146,2219275.2
3736,2335587.2
2036,2489901.0
2796,1819978.9
1657,3245708.8
7726,6184606.5
872,1259482.1
3226,1614586.9
2357,1564273.0
4329,1934988.0
2760,1977380.6
2777,1177017.0
12894,3036616.8
7807,4141112.2
1059,1768505.4
241,1157985.8
1980,1469748.4
12437,2589986.8
363,880039.25
10005,1563861.8
2326,1655926.2
2267,1099272.0
7667,1488237.1
5527,2971358.2
8665,4000066.5
10566,3805449.5
7520,1273705.2
2051,1483189.0
12936,1890017.1
2560,1194579.5
1014,3633758.5
416,1657963.9
1079,1158186.1
2339,3349677.8
1337,1264890.9
12804,3130753.0
656,1272018.9
12470,2974092.8
417,1804092.2
12059,1135778.5
931,1768269.2
6440,3493171.0
8022,2033548.1
536,3070167.0
2014,3535040.2
3084,1893131.8
4996,2237465.5
3218,1205618.9
2196,2993305.2
1772,2150879.0
6821,1850628.1
1102,2831144.0
2492,661267.94
5024,2239420.2
46,1774797.8
1485,1417358.6
10935,2553966.5
1298,3247329.0
539,1404812.4
571,1036100.75
10835,3622693.0
3146,2864563.2
8270,2072856.2
387,1522871.9
2219,1222879.1
11430,2229031.0
1293,993231.6
11660,1296616.1
12327,3306687.8
731,1345974.4
1065,2842003.5
2600,1759412.8
2766,1362511.6
4476,3109366.0
5615,4462668.5
2224,1189699.6
252,1227361.2
11331,2444135.8
10615,2540904.2
3479,1069773.4
1909,1295558.1
12268,1686942.4
5972,2778116.0
7998,4130710.5
1379,2289045.8
11167,2410822.0
2444,1965058.2
1294,3300328.0
8597,1028734.2
1550,3162159.2
3474,4239104.5
4856,1085124.6
2195,1407064.5
8593,1812614.1
493,2336079.8
9532,2496401.2
1760,2405331.0
2106,1718647.9
2921,876267.44
1089,4330616.5
3266,2161617.8
11065,4479139.0
2732,1620027.2
3499,3306664.2
3915,2308876.8
8496,3849553.5
2841,1287942.8
434,2573863.8
8389,2172955.5
7250,3304656.2
6683,3314141.0
4477,4090944.8
949,2343434.8
1575,2778427.8
236,1942435.9
575,2916245.5
2552,1983015.8
2780,720245.7
2044,1613544.8
989,933904.0
3499,1357843.4
7088,2433362.2
691,1569031.9
2070,1761146.2
8261,981199.5
2671,1759980.0
1253,2329956.0
141,5584045.5
2448,1122255.6
346,2822171.8
6002,2066240.5
835,998357.7
3045,1601883.4
3599,2078681.9
762,1469585.5
3653,1441621.1
120,2083991.0
3129,3023207.5
11986,2049945.2
4960,2700373.5
8938,1667143.8
4470,1050566.9
9819,2357825.8
8632,1518913.8
2813,1386019.8
10061,2674504.2
11530,2640286.0
1708,2660500.8
3798,1308217.5
6353,2660779.8
3284,2534813.8
12795,2732767.5
10132,1115899.4
1742,1871589.1
498,2140714.8
278,1463128.1
988,1405267.8
2476,1588239.2
7928,2273011.8
3202,1237847.8
9007,3164850.0
3422,1892504.0
873,1019880.3
880,1648368.4
6773,1347756.2
7191,6709183.0
1768,1063125.5
12694,2303854.2
6996,2129238.2
1407,1369004.0
222,3659730.8
12653,1418200.6
377,2455876.5
3313,1531222.8
2475,1436668.6
3707,961566.56
3260,689515.6
11310,2144138.5
4031,6903342.0
2922,1787632.2
430,1761146.2
1034,1479860.9
2710,771328.75
8358,1981688.6
38,2318768.2
12593,1020638.7
996,1180391.8
7012,4709233.5
518,894649.2
3724,800924.56
2277,1819088.5
11999,1992919.8
10782,2844247.0
3285,807196.4
1266,1736122.9
3528,1362630.6
10775,4319545.0
2574,895298.56
12646,1217238.4
11983,3491067.0
148,2060501.4
1009,1798013.6
526,1261143.5
5414,1521939.2
5,3522447.2
3257,1395256.8
11654,2401694.0
2612,1030567.44
8285,2463836.8
5431,1911618.2
2208,2371691.8
399,2950705.5
6006,3732979.5
12791,2345354.5
10807,2125829.8
1475,1232115.5
10870,2595623.5
10106,2008348.8
1340,2653900.0
3655,2489664.2
6747,1083926.1
4806,1542506.2
745,3014088.8
1735,4266129.5
6380,4481043.5
2554,2957405.5
4916,1626974.4
2428,2179639.2
3796,1624222.8
1915,2309953.0
6883,812829.1
4822,975468.94
3505,3462688.2
4305,1579329.5
958,4343476.0
6313,1718730.5
5551,901586.4
9471,2746491.5
5500,4190524.2
12356,1327770.0
11751,2148258.2
7379,2065075.1
594,1141374.4
2180,2304723.8
33,2301497.0
7557,870727.25
2443,2206408.5
235,806048.0
12826,2524905.8
6629,2605604.2
5882,2567014.5
6461,2539183.8
2203,2773329.5
122,2861745.8
3961,2733703.8
1135,1879454.2
464,1242408.4
4695,3031682.0
533,1346146.9
8292,2263734.8
8602,1689864.4
124,3901561.8
494,2422860.0
11753,1447586.1
8702,2505170.2
1342,2490321.2
3405,2966852.8
5582,1254096.0
3979,1340357.1
775,1484315.9
9238,3337424.5
11508,1877018.8
27,1770323.8
6272,3116901.5
99,1025750.56
5565,2889416.0
4936,3138097.5
3992,2073854.5
9187,3451021.0
6646,706059.2
1096,1804468.9
6230,2672009.0
1847,1833392.2
6,1564789.0
1872,3798034.0
5019,3222336.2
68,2312993.2
1521,2163122.0
3531,1212551.8
2200,2125474.0
942,1087428.6
10519,2567491.5
391,2406013.0
3727,982565.3
997,2301580.2
9375,2726475.0
10481,3551013.0
3874,829242.94
3638,805589.56
692,1514011.5
12324,2547586.0
1929,2600489.0
1561,2996942.5
2002,2166278.8
75,1110440.6
8928,2362053.5
11624,1520407.8
9384,1892529.9
8849,911155.75
8217,1539592.9
9553,2533546.8
2882,1562429.8
4537,1523923.2
2968,1603482.0
1660,1367506.0
65,1739364.2
2586,1645779.8
3622,2054797.8
10411,1055717.6
12568,1111519.9
3969,649033.9
3747,1706729.2
1133,2267892.8
8747,2644245.0
5904,3102328.5
12759,688297.8
10790,4300695.0
10242,3835710.2
10740,1786186.8
2283,1715366.8
2244,1215914.6
794,768891.25
1998,1471667.4
2819,1102077.5
1794,1551203.5
1302,1400401.4
10895,4584365.5
786,1227443.6
938,2170201.8
2965,1285253.1
490,2325915.2
2293,1586340.8
9386,1967070.6
11595,2648491.0
9751,2810156.8
1756,1807793.8
2380,2049296.6
11806,4946764.0
2593,1077695.5
4943,1265598.6
431,2350686.8
3126,1633509.8
2270,1823728.4
1335,1522204.4
6336,1429514.5
1075,2424590.0
4302,2090307.2
9520,1869524.8
1527,1284748.9
604,1858315.6
6247,3323327.2
1343,2540548.2
172,1212018.6
5903,2199689.0
2717,1317796.0
5854,822486.06
3771,3373517.0
1945,3867915.8
2136,1174571.6
2468,3047783.0
10508,3175436.2
8735,2745168.8
4748,4481805.0
127,637301.3
1076,1567371.5
473,871157.44
157,2247430.5
1656,1008141.44
1922,1563707.4
3132,3067802.0
6342,3321710.0
1286,2058827.6
2663,1004206.94
12940,1468271.6
5619,1216105.8
4530,1786645.9
5076,1950870.4
8,2106062.2
849,3062949.0
1137,1804605.1
1403,1139294.6
5345,2470680.0
491,2801791.2
3239,2169295.5
9804,2908204.8
11878,2778583.5
7481,1420620.8
1304,826528.44
1982,4029379.2
10559,5066870.5
6293,3573891.5
2565,2197524.0
612,3238092.0
11909,1448424.1
12050,3709383.5
1841,2873266.0
11522,1780836.1
1298,1585426.0
10222,4977692.5
3097,2663168.8
5137,1565443.2
2369,5296202.5
684,2424887.5
6580,1517262.2
1246,2301706.2
9843,2541619.2
3141,2804809.8
8004,2098978.2
5308,2731517.5
290,956242.0
3220,1666199.8
6078,3823779.2
7220,2986187.8
7266,2791634.2
5806,2278383.2
3149,2066280.9
1555,1747989.8
1406,1392691.0
749,1131551.8
7430,1939157.9
11340,6323507.5
4056,825409.2
2478,1922223.5
204,1098806.6
7864,1793808.4
3777,2187794.0
1927,1585648.6
1392,1386024.0
720,1595493.5
3989,1045151.44
2479,2419979.0
4017,1673255.9
2110,1205351.6
5821,3814139.0
3602,983846.44
145,1414591.0
56,2544082.2
11495,1322554.0
2879,1628918.0
10218,1665069.8
1344,1173322.0
2908,1135244.9
5009,2283034.8
9204,1137747.5
1078,2732849.8
5334,3185705.8
1518,1371682.1
9801,2599496.0
1203,4497445.0
1500,1709952.5
6028,3328808.2
2882,1878593.6
8244,2793562.0
10256,2505269.2
2322,1002127.1
10825,3000497.2
72,1182749.6
12640,1463304.5
1762,3117674.0
9488,1834609.0
2928,3239249.2
11913,3728169.0
1711,4969509.5
3598,3065217.2
2571,1005648.1
5519,896254.94
1820,2656972.2
1264,1941458.0
825,1690735.0
2506,3551013.0
6505,2293138.0
4210,1605055.2
1702,1223489.4
1247,1488984.2
10552,1792354.8
2311,2876247.0
9288,1113214.4
2980,2122850.0
2250,1455029.2
8069,3136593.8
697,1076989.1
8622,3365574.2
350,2759165.0
2373,3723934.5
8841,1637021.8
4614,1620438.1
660,3673847.5
2557,2357940.0
3649,2522622.5
12921,1152186.4
7799,3415996.5
3103,1227209.8
9268,1832091.1
2912,2550292.2
7173,1031939.44
3953,1394450.0
1750,1203337.0
3538,1446366.4
897,437918.75
388,1205531.4
9775,3922397.5
938,684603.1
3556,2345140.8
398,1027324.3
2659,2714442.8
638,1956211.4
6954,1192174.2
4215,2334937.8
1223,1914541.8
2808,1479620.2
3602,2604093.8
7323,2485234.2
6593,3598410.5
3500,3980040.0
2339,1911618.2
1158,1272940.2
11684,1789198.6
388,3315624.5
12658,3565570.0
1014,4899684.0
2539,1051572.4
12569,2776026.8
12259,1262334.2
8284,2388116.5
2330,1599833.6
10672,1299281.1
2828,1158613.2
1990,1148825.1
8520,1043155.44
18,1026767.0
1660,1885356.6
177,1106980.8
665,1691847.6
3172,2692617.0
8599,1114821.0
2651,1983015.8
2690,1364554.5
4090,2221428.2
1781,1308543.4
11271,2395793.8
11802,2178521.0
10695,940433.2
11241,2788390.0
3483,1379914.4
572,2073524.9
3939,3346436.2
7146,1314102.5
2739,4086133.8
9232,8211013.0
4729,1298050.8
966,1728448.2
7115,1786644.5
1688,3479225.5
3098,1475844.0
7347,4608166.5
9549,2896925.0
6612,1873528.4
1252,5000233.0
3821,2270749.0
6657,1507735.9
12812,4734315.0
2135,2569061.5
1759,2317714.2
545,2909013.8
8863,2456652.5
6365,2847624.8
3711,1878436.6
7541,1659944.5
5720,1836450.1
1446,3427590.2
3791,2179273.8
3893,2385381.2
3775,1995467.9
1273,3533965.5
7025,2526675.8
7313,2044902.9
382,1868198.0
8639,2739778.5
9831,2346864.8
1007,1950761.1
6037,1867130.2
12605,2523901.8
619,1421761.0
1627,2183530.5
2530,3363196.2
1444,2166787.0
83,1826629.1
8915,3225336.0
3008,1680408.4
2610,1497435.4
457,1826331.1
11978,1572799.4
12365,2118335.8
3883,792468.5
2961,1795106.2
2421,1916066.1
2611,1143181.9
302,1707955.0
516,2106021.2
361,2585379.2
3466,2244050.2
11171,2929941.0
8543,3168539.5
201,1305078.8
10686,2900981.2
7306,900494.4
1528,1287928.8
330,1855826.9
12278,1939782.1
8108,2703836.8
3959,1440830.6
3719,2001841.5
4949,2750874.0
520,2811093.8
5474,2374372.2
152,1152431.4
3481,1056735.2
7991,1390615.5
12180,1852144.5
7640,1576696.5
1207,2335309.8
11905,1384176.9
2631,1050986.0
1109,1613636.8
3274,1878936.9
10133,1749349.0
12475,3493431.5
8365,5137593.5
12929,817139.7
2156,4748383.5
728,2408957.0
723,1151751.5
10673,2046195.8
1405,2112341.8
288,3410826.5
9366,4541683.5
3168,2556213.0
509,4730291.0
10112,2148669.0
221,2189649.2
2575,1458463.5
189,2926777.8
11173,1856846.1
8778,1885712.9
7078,1945057.9
308,1065644.1
4663,2597266.2
9209,2228098.8
9085,1710425.5
6557,1693175.8
2535,3270990.8
329,2105311.2
4631,1846437.2
1687,1738430.8
4026,789006.6
649,2225128.5
10457,1554347.0
7773,2731953.0
1639,1618585.4
8278,3127422.5
3498,2632690.5
921,1256623.6
11901,1472776.0
866,2325821.0
6398,5127153.5
543,2233186.5
2867,984094.75
8877,1151188.9
12316,964145.9
1004,1843397.5
12332,2179044.0
5672,5370152.5
12417,1347494.1
9802,1688418.2
3471,4449951.5
752,1772197.8
760,1607945.2
1666,2309692.5
1950,1178959.6
1939,1064728.2
218,5661677.5
3506,1727283.8
3687,1510745.2
1023,1385162.1
7932,4562982.0
3755,1593801.2
295,1209609.4
510,1137814.0
6913,1431361.5
2142,1799705.5
1986,4018996.8
5659,1148131.9
10829,3124222.8
9539,1299801.9
3543,969480.94
10168,3990461.5
8139,2768753.8
9235,2746145.0
9062,3134334.2
3234,1180650.9
832,1823341.5
3350,1876027.6
11152,977908.6
537,1549682.4
1902,867372.44
3099,2125829.8
1714,3272352.0
11668,3679367.5
404,2458628.2
4903,2189268.5
2753,2996942.5
7682,2964400.2
523,1523550.2
3693,2935454.8
1703,1706753.1
6291,4150871.8
2747,2140983.2
5277,2670508.8
8941,3028207.0
2850,1093168.4
2816,1016225.0
8250,1522793.0
5327,2507191.2
7141,2314331.2
913,3195166.5
188,2739533.8
7922,1746942.6
2037,2842758.5
8646,1401143.6
3022,2217712.5
8704,2881220.2
1274,3010032.8
10169,4345489.0
3025,1466312.6
4271,3785193.5
4257,1205051.6
5926,1968914.9
2937,1533174.4
797,3657333.8
1715,2599472.2
1052,1313862.8
2919,2122370.0
261,1364272.9
1682,1486702.1
9018,816861.75
11204,1199222.6
940,1364228.8
6518,1146100.1
78,1514827.2
3860,1607825.6
12489,2047531.8
5354,3143298.5
3770,3723934.5
3487,1769638.0
3659,1323991.6
6944,5096880.0
2744,1183262.0
5679,1197907.4
1747,2766151.2
11683,2135471.0
226,1790173.8
2877,2926226.2
7914,2147063.8
11106,1985013.8
334,4675521.5
8237,2555817.0
768,765275.7
1033,2106401.2
10681,1374434.1
2952,2413490.0
1380,1316679.2
875,2102490.5
1916,1078468.9
1528,1334506.5
3354,620352.94
983,985622.1
12884,1304667.2
117,2053697.8
4709,3002904.8
4520,1436033.1
10422,1080390.5
748,2808458.0
11611,2773002.2
1153,1759167.2
813,3326261.0
4700,2429837.8
2118,1602644.0
3692,2509107.5
3693,1199233.8
2903,3436831.2
987,1115006.4
8271,977208.6
3659,1310684.0
2432,2041627.6
1280,1175136.2
3278,2344652.2
9459,1222408.1
812,2636090.8
3640,2615749.2
5661,1863766.4
11974,1605621.0
2292,2108915.0
1613,2254755.0
8315,2991429.0
5341,2050850.2
2574,3148709.5
8783,2555825.0
4863,2412137.5
8073,5159874.0
2838,2614559.2
574,2859085.8
1868,3793293.5
1576,2175377.5
3946,1915894.9
1615,1061229.8
2332,1333524.8
1178,5253258.5
38,1697634.8
10246,1744171.9
9530,2113327.5
392,1561744.0
1053,1496013.9
8410,1294108.0
6095,1446995.2
3584,1443612.0
2995,1637897.8
9081,1506201.5
11276,2080570.4
4139,6608387.5
1620,1505906.5
5841,1458421.9
9165,2235580.2
6058,1539886.1
783,2257927.0
6325,2252097.0
11330,3781704.2
12732,1176534.9
1778,5061894.5
1484,1512645.9
5373,2389762.8
3440,874323.0
12501,1754738.9
1054,773836.9
2687,1363728.0
1904,1708349.8
1497,2842048.5
591,1486911.6
639,1332672.2
567,3310496.2
10613,2645879.5
1273,1779914.1
8616,3942183.8
3722,909744.7
2890,909196.44
11636,3188067.8
6238,1649710.5
2677,2884992.0
3428,4030031.2
9376,2702368.5
2522,2880064.5
54,1083060.6
12447,2306536.5
2792,1056624.6
361,4742763.5
2803,3984253.0
7902,1723582.8
7462,4787467.5
1577,2201176.5
2035,1151122.8
3293,4037025.5
2586,3265072.0
4153,941379.2
2075,1509290.6
7579,5084347.5
12139,1443772.8
4255,1619120.1
1021,1636103.5
8549,2124240.0
2694,1158628.4
1026,1132383.1
12153,2761832.0
1334,1947095.1
12057,1462223.0
1736,3002602.5
6656,4308507.5
2944,853437.0
9586,1390444.5
8238,1485073.0
8769,1372915.2
1596,1776951.6
2099,1524620.9
945,1822694.0
3604,1752805.5
4420,1487084.6
5477,2097642.0
1349,1154356.6
12615,3595519.5
12561,2259288.8
970,1007004.44
5352,3816507.5
10750,1419595.5
2180,1102586.2
3178,2553593.2
2088,1606512.6
2,1692029.9
10324,2721680.5
155,772396.0
5724,2948276.0
758,1558692.9
7228,1847681.9
4889,3958252.8
11017,1927690.8
8304,2600293.5
9480,1822749.0
2736,1776273.1
5121,1304011.4
5622,2014785.4
760,2110098.5
8687,2808511.2
3867,4149786.8
2411,2349379.2
4086,1939738.9
12400,1803575.8
6797,1386403.9
1034,1466592.2
1783,3155445.2
2753,1901938.2
1920,2173331.5
10888,1177881.4
12513,1783579.5
5594,1856060.4
5812,1112608.6
5147,1895721.4
6057,2038101.8
6220,2210724.8
7145,2336614.5
6356,2481707.2
7028,1415885.2
3140,795896.8
9098,2831079.0
255,1602813.6
280,801392.8
2385,2917735.2
2943,3732979.5
5517,1875038.1
1024,1401833.0
103,2042043.0
7912,1884219.8
2161,2990088.0
8001,2437639.8
1260,846183.44
3938,1270079.0
3880,2627072.2
1691,1183194.0
2982,3333412.8
426,1546918.0
1168,1780488.9
966,4148662.2
883,1504566.9
12364,1050825.8
4765,1094860.2
2079,2031028.0
7711,1884739.5
1775,1316870.4
12559,3283668.2
2769,1002989.4
2980,1078090.4
795,2423282.0
2822,1536855.5
6553,1595393.2
691,1889496.0
760,2697423.8
963,1447125.4
1964,2167300.0
12886,5007714.0
9857,1507867.0
3880,1152565.6
12901,1882069.8
2717,1845403.8
10475,1326290.2
812,2687106.0
2926,1202834.4
10280,3439126.0
4843,2486366.5
1447,1636100.1
12175,1674324.5
708,1877407.2
2112,3286002.5
7628,2040398.9
6669,2671630.8
3299,2516535.0
3524,1471016.5
210,3590463.5
4604,4518691.0
1734,1972570.0
1047,1956795.4
5435,3896092.5
4340,2628575.8
9920,4328155.5
4132,1178442.5
3627,2634617.8
12031,2717650.5
331,1647094.0
5684,4197930.5
7512,1925343.5
1890,1162218.2
12741,2823119.2
5317,4458628.0
10892,1103022.0
403,2132081.8
9796,1372726.9
3682,767611.94
3056,2620798.2
527,1678340.1
8068,1573601.4
11102,1264970.0
2489,3042341.8
11036,2665300.0
3443,1833277.6
1341,1184526.1
4924,2163920.2
1459,1032667.8
7003,1968325.4
618,2137401.8
11087,1231752.2
11465,1977646.9
5074,1901832.2
1049,3147356.2
3275,1784711.4
12431,1993254.8
3135,1775529.8
11764,4354064.0
1115,6125499.0
853,1749635.5
12846,3342066.8
1392,2694707.0
6219,1849309.6
1641,1382578.6
11296,1481422.1
1410,1267374.2
3080,731986.5
1540,1641221.0
5919,1575857.1
11965,2677980.2
11035,1917694.6
2132,1586715.0
10426,2994432.8
8958,859606.94
3336,1890206.4
2343,5704542.5
5038,3905369.8
12628,2665370.8
6753,2605031.0
3879,2919140.5
6410,3096661.2
12582,2841225.2
4774,2234070.5
5109,2939395.8
1493,1002127.1
4796,1554015.9
441,1666499.0
3568,1790992.2
4618,1381926.1
394,2281773.8
9342,1497499.1
1552,4296458.5
570,1158186.1
3890,1166649.0
826,940175.56
11067,2650179.8
584,1368685.4
12019,2485234.2
9281,1564188.6
11258,1536087.2
1487,1451802.1
528,1778499.0
11928,2069005.5
6077,2000269.0
2550,1190092.2
3568,2212486.0
3338,1232128.6
66,1672344.4
15,1601314.4
11762,2760427.2
3575,1678618.1
3633,1219738.4
5617,3036092.0
2648,1658249.0
9896,1029871.56
12666,2002256.6
9847,2628902.2
1837,868681.5
2471,2704133.8
1324,1870535.5
6309,2615688.5
3174,3505211.8
595,432424.56
2108,957879.75
743,2605289.5
8693,2306369.5
685,2089247.8
1236,955245.8
1552,2585379.2
12822,3406105.2
2705,1208950.5
6990,1335667.0
6901,3036616.8
9925,3630731.0
9067,4405506.0
1383,1309032.6
6915,1950761.1
8686,1870946.6
2396,987190.7
11469,1215017.6
496,1316373.2
2446,1771969.9
7705,2356065.2
11563,4026770.8
11295,1496930.8
1498,1392662.0
1346,2013730.0
9337,1585586.5
1703,1835916.2
4957,2033199.6
10026,1978253.8
1828,949290.0
3384,1168663.2
6888,2053338.5
2527,1191472.1
1904,1861930.0
3311,1752728.5
3356,3048370.2
11689,2710008.2
5524,1484731.1
7838,2440088.8
9162,2939034.0
12446,2530426.8
8503,2526785.2
11088,1765272.6
2584,1505669.9
2642,1695852.4
3579,1467443.2
5110,1599095.9
3301,3213246.2
275,1140757.9
1466,1814802.8
12696,2465386.5
6265,1011055.1
9401,3155457.5
835,2985442.5
9862,2669557.2
9614,3012276.8
12949,1973301.0
7498,3395026.0
11752,2850717.2
878,1864187.0
8568,2073806.1
1360,3082845.0
2613,946337.56
552,1436898.9
1977,4067923.0
12244,2702111.0
451,1418308.6
1821,1274037.0
477,1640101.1
9419,1490032.9
8360,2337057.0
5421,2795483.0
2276,3182999.2
601,1155629.8
6297,4682739.0
2735,2468403.5
1721,1562983.5
877,794946.94
3046,3761216.5
8706,1130872.1
6376,1437399.5
6634,2879079.2
699,2399698.5
480,2174025.0
1170,1159156.0
2977,1707669.1
7983,2354331.2
791,1961866.9
10277,1077312.1
6076,2722750.0
2609,2216329.8
287,3365419.8
31,1544051.0
10323,3188466.2
626,1069587.4
191,1612272.8
6591,3095648.8
3522,1816153.8
710,1544592.9
5243,1782217.2
510,1279189.2
661,815972.75
7100,1000102.25
747,2055849.0
6132,2541609.5
10174,2437769.8
5257,3143605.8
9163,1774723.1
12967,2730544.2
12860,2175248.0
2369,1416044.8
1329,2541677.8
11608,1297373.4
657,3793235.2
3482,937215.0
3045,1395051.1
920,2057158.9
3355,6231769.0
9723,3307280.0
4517,3529674.2
1674,1630895.1
11446,1222445.6
12117,4761423.0
380,1146263.9
80,803621.7
3058,1599853.5
2056,1933318.6
8551,2358469.2
3248,3257532.0
5120,2786702.5
3279,2296729.2
3714,864919.25
10336,3132154.5
2503,997085.7
5104,2468076.8
5342,1471580.5
3308,1483610.4
1479,733136.1
2149,3332884.5
599,2826626.8
2430,1761304.4
4502,3540486.2
4299,2216817.8
1129,1454914.5
12330,2092647.4
6352,2821858.8
9633,4912181.5
3881,2147640.8
3032,4142267.8
1326,3244474.5
4518,5599772.5
8516,1978837.4
4585,1389130.0
6245,4108428.0
6204,2580311.5
7320,2229618.2
8613,1929205.4
2566,1151060.0
993,1549116.2
10355,1851177.1
7234,3315436.0
1546,4858713.5
5214,3014789.5
3049,1699364.6
3758,1527451.1
1193,1835608.8
9242,1970986.0
2592,1151685.2
2932,1248573.9
1046,942653.2
786,1045818.56
2990,1466646.2
11112,3169278.5
2393,1471383.0
2806,1996515.6
7345,1598286.2
3562,1860131.5
3367,1662992.1
8136,2183182.5
9117,1982675.1
1478,1184239.6
1336,709643.06
3187,3820112.2
424,2336927.8
4183,2247568.2
5975,2375802.5
1407,1722624.8
8039,2122464.0
3717,1051929.5
9326,980894.3
4955,943530.0
10098,2814168.5
1374,1378359.6
3351,4195974.0
9321,1404700.5
9929,1850900.9
1371,2857455.8
2427,1031341.0
7278,2677046.2
3036,1136911.2
3882,1890029.9
8254,1457624.6
12309,2055315.4
2721,955432.75
2045,1603918.6
1143,3587398.0
310,1857448.5
6489,846091.75
1723,3784510.8
8931,2208321.5
980,1614985.4
6263,1558730.9
1588,2982717.5
3975,2179416.8
10307,3872122.5
5252,4216258.0
2771,1097345.1
3554,1612206.2
2472,1556163.9
5625,1457352.4
3316,2174561.2
11478,5430722.5
7585,2866814.8
4064,1732675.8
5247,1551617.4
1631,2731945.5
2512,1301830.8
1445,2544034.2
864,1522098.6
72,2693548.8
3418,2012151.1
10580,2446827.5
2133,1171180.4
5448,2577039.0
11708,2294899.5
890,3335881.0
11996,2925004.2
7069,2615676.8
2765,2486446.5
10402,1297133.4
4834,1859376.8
118,1211508.2
9329,1565479.6
2875,1404922.2
965,2333107.5
962,1434242.9
6617,2440907.5
6117,2347927.8
8654,1567327.9
4757,3079936.8
10763,2741542.0
7938,1376623.1
3271,926859.5
403,1802739.2
10042,3292922.8
12907,1435793.8
6997,3964915.8
3164,1501211.2
8016,1737255.0
9122,3761784.0
3170,2080872.4
6842,2455204.8
3102,2257514.8
1933,1602252.2
10857,2559036.2
4106,4622839.0
329,2869141.5
11931,1820273.0
797,1508415.8
11419,3723934.5
12280,1016690.7
9664,1904431.9
413,3879858.2
2787,825494.94
52,1320744.2
8794,2418036.5
4577,4843545.5
993,1863942.9
2835,1430744.8
590,1371379.2
2941,2448414.2
3033,1186370.6
5485,1200478.6
1863,2224439.5
59,1749276.8
2780,1088917.0
5768,3990111.5
5494,3255192.2
10605,1988918.1
2021,1301675.9
6279,1544592.9
385,2955270.5
2475,7391463.5
517,1267536.6
7929,1854767.4
8463,849418.44
10636,7067902.5
6758,1736565.6
4886,4382785.0
190,2791130.8
3582,2724247.8
2365,1671423.1
851,1769859.5
11003,2000925.6
2973,1527779.0
3945,842800.1
1463,3509112.0
12874,2102799.0
10268,863738.94
1524,1351662.1
1934,1728824.6
2083,2568798.8
1443,1850576.8
1755,1593605.4
1375,1041270.5
78,3786049.0
1263,1870535.5
3674,1471667.4
2864,2649423.5
26,1108439.8
1541,1346607.0
7562,1939157.9
2010,1510139.9
324,2126602.8
8655,2523463.5
4235,2121277.5
111,1364435.2
771,1619476.8
1504,1144120.0
5525,3085477.2
3972,2188517.8
2435,669350.8
304,2011324.5
685,2061558.1
2067,2221178.2
10461,2286752.2
525,946308.44
2276,3357739.2
4902,3309768.0
10611,6270936.0
2695,1938424.4
6585,1087612.6
538,1041327.3
3526,2456265.5
7969,1734007.8
10261,2358349.5
8478,1640262.1
9408,2534916.0
2264,1213670.1
10631,1912022.6
3590,1764359.4
10798,1255755.0
2299,1269120.0
4733,1587968.9
2877,1371002.5
1843,1549123.6
931,1781623.6
9838,1518161.8
12702,1582439.5
1289,3762237.8
9252,5919576.0
11034,3082712.8
1816,999764.56
8344,1496026.0
6253,5470839.0
7194,1781581.2
1910,1972570.0
4300,1195070.4
1593,1393942.5
2908,1227365.2
1482,1938754.9
1440,1260126.9
7517,1519666.1
11645,2975779.2
6375,1957318.1
3971,2391390.2
9552,2333042.2
11189,4358470.5
8265,2813910.2
5624,1777480.1
3584,2367487.5
7769,1958412.9
972,1913410.0
5787,2401712.8
3380,1487238.8
213,2526785.2
7394,3334992.2
2745,2140421.5
3562,2074618.5
11332,2677398.8
12505,3090973.2
4177,1462363.9
2660,1906948.8
10823,1421924.9
2750,3161667.0
631,1320620.9
2038,1860195.5
84,2307686.0
6626,2594151.8
12242,2518156.2
1322,1588473.9
6866,3044369.8
10834,2227091.2
8283,2460195.2
6026,2019695.9
59,2471927.2
11995,1442216.2
3330,1498379.1
2316,1691124.8
6566,3561661.2
497,2058827.9
3647,1255068.8
2909,1111100.6
2794,862019.75
3037,957381.3
2390,2305345.8
10497,2269388.8
11166,3063018.2
2627,1847956.0
3784,1796206.2
508,1780513.8
6943,2159795.5
12914,1950787.5
1554,5177951.0
77,2551925.0
867,1577789.2
1817,2706655.2
2572,1062950.0
10890,1992284.4
10986,3129982.8
1975,1554457.5
11756,2170682.5
1157,2410368.8
1631,1394187.5
428,2214843.0
11145,3525292.0
496,1436907.0
5102,2351777.0
7819,3656686.5
2518,1854833.4
2475,2273789.2
7424,1129549.2
3219,1603928.5
2222,1900198.2
4727,7013634.5
2279,1109984.0
11770,4493389.5
2665,1000908.1
12410,2746823.0
12,1757150.6
1217,1200029.8
5702,2651365.8
3500,2673022.8
6763,2749472.5
5933,2298802.0
12971,2725532.5
8268,1260542.2
943,2364155.5
508,2745635.5
3705,2258520.0
3647,2129559.8
8183,2870412.5
3760,2128330.8
4907,2482719.0
7350,4419913.0
4154,2898149.0
216,1253829.9
3480,3148285.2
1729,1029435.5
1306,1603174.9
1591,1684747.5
10243,1638487.9
3626,1803159.4
2348,1873099.6
5248,2954660.0
9231,2211268.8
614,1933007.5
7436,2219476.5
1228,1392407.0
7966,1400276.5
2245,1630493.8
2382,3224575.5
7891,1839257.5
1075,1407801.5
1473,1651405.5
49,1558468.6
1027,1915933.5
3848,3019053.0
2252,2360620.2
596,1841253.5
4973,1363141.6
1786,931523.9
1264,1616210.8
596,954899.7
1888,1294059.0
7369,1805599.0
2235,1052181.4
2520,1061780.1
358,1365623.4
3430,985622.1
10161,3118892.0
10652,4727013.0
11698,3652886.0
730,2179609.2
1157,1112913.0
22,1227950.9
10409,1782980.4
1850,5212505.5
1410,2078910.9
2288,884572.8
1159,1176846.8
8056,1942202.8
10799,1637460.5
7745,1311300.2
1536,1169749.1
2975,1356222.5
12420,2757116.0
2215,984652.7
9125,1982185.9
12464,4478931.5
12870,2639427.5
11231,1861539.1
3464,1772740.0
5965,1398930.9
2824,866325.5
7299,3054327.5
8902,1875581.1
5799,2497284.0
5943,1718249.8
10120,2645236.2
268,1725737.6
5571,2122429.2
1008,2672258.5
9708,743688.5
11214,979784.56
12033,3172636.5
1701,1296281.1
5709,1387741.0
3434,2670815.0
7099,1836240.5
4223,4313929.0
73,1649260.8
6880,1054745.9
6741,1730147.8
4529,1797532.0
1776,1275023.4
2483,3373517.0
174,1833122.6
8584,2615952.8
934,1109592.4
668,2866081.2
11819,2301430.5
1461,2123198.0
400,1683445.1
276,1323749.9
1333,2739232.8
1694,6229535.5
10603,1584365.9
4006,5093142.0
11172,3376552.0
10717,3021997.8
4493,1214165.8
8349,3466760.0
10707,4137902.0
2163,1558074.0
2160,2341177.0
5138,2565858.5
761,866025.1
707,1977791.5
2703,3152304.5
11801,1134579.9
3283,1279441.5
1628,2498576.2
9866,2723995.8
3329,1697018.9
10053,1748565.4
1000,2639251.5
533,2681646.2
6928,1706753.1
1391,2777816.0
616,1260435.5
141,1617409.4
9885,1684407.9
9244,1600352.6
8566,2629219.8
2902,1037094.6
1532,1939157.9
2870,2037740.4
858,2572781.5
7574,2748775.5
4550,1419595.5
2909,3194461.8
631,4547636.5
12053,1352816.2
8243,2133536.2
6795,3212408.2
287,2026864.2
7337,1978255.0
9494,1772954.4
7104,2135597.2
11251,1394994.2
4030,1277698.5
15,1232730.1
498,2535682.2
11199,1823380.4
3400,1470303.5
3921,1883718.8
6328,3241292.8
2762,2712840.0
3194,1441434.5
11161,3283521.0
183,1653144.8
2034,1252215.0
829,873157.2
11976,2605116.2
5054,4479909.5
2995,2562138.8
12743,1601181.6
6685,3216263.0
1872,1305433.8
4088,4106720.0
4978,2635390.2
6437,1778078.4
1489,2395287.5
2308,2913711.2
12616,2064913.9
2933,2425613.0
2614,881774.5
694,1543391.1
108,1124739.2
3616,1343589.6
2942,1467931.6
1843,2165176.0
1798,696042.94
6772,2027467.6
9544,2886612.0
12663,2369375.5
7886,1175363.2
4083,2866814.8
1516,1470926.8
9130,2328406.0
1139,1684894.0
11504,8232721.0
1950,1642581.9
8293,2186528.8
1663,3633583.8
10818,2537307.2
2580,1865296.2
3210,1027287.2
10800,1819474.5
10353,1703107.5
2092,1033426.06
359,985492.56
5025,2561813.8
6851,2648020.0
10060,1081564.9
3940,1499983.4
161,2178406.2
648,2980276.5
1715,1375221.8
6021,1763878.9
1701,1223990.1
3953,2801013.8
2542,1407530.1
509,1527731.0
821,2819939.2
4283,2467333.2
348,1668096.8
12348,1121654.2
11674,1985077.5
2511,1790980.4
3664,1317174.4
959,1242986.0
8767,1299625.0
1002,979136.94
773,1899775.8
1431,1227401.5
9166,1174624.2
2252,1807848.5
7631,3343867.2
3242,1542655.2
137,1824356.8
6920,1581696.8
5510,2682168.5
2509,1421311.0
6881,2864323.2
8247,2782129.2
10932,4047078.5
8524,1860746.4
6304,3434955.2
742,2270618.2
1317,1508343.2
3235,1165770.0
10181,2217436.8
3535,1564789.0
1693,1689008.1
2254,1451506.2
11696,2851291.2
7399,762493.3
7770,3123568.5
5263,2917382.8
483,991953.56
4378,2905065.2
7255,2028983.5
3260,2991627.2
7518,1926346.5
3093,1677166.2
5493,1082865.2
958,871635.25
2476,2674888.0
11851,1161537.4
5834,1574522.8
1130,1564273.0
7459,1346481.8
10248,1769690.8
2466,2065642.0
10257,7661635.0
9364,3426187.2
3089,6986704.5
1566,921653.4
9518,1369100.0
12035,1104886.6
2490,1404599.0
2983,1407855.1
2356,1614943.1
2545,1179487.1
3312,1800609.5
1117,1232638.4
23,1695348.2
1087,1332755.6
6386,1169941.0
7470,1680555.5
1757,2777960.5
9056,1245999.5
8483,1724647.6
2391,3842165.8
35,1866691.6
5355,4049128.8
9759,1795106.2
1304,2548495.0
3886,1172623.8
6818,1900960.4
2124,2049158.2
249,2987472.2
12953,2344003.5
630,1705090.0
10522,1228421.0
10338,1772804.0
3718,2585299.2
9797,1748121.8
2718,1590121.9
11744,2522829.8
11749,1724605.0
1809,762984.75
3990,1389357.1
1349,1288829.6
3082,3435205.2
514,858224.4
2856,1429176.8
2166,1876027.6
4314,2381692.5
11408,4119768.5
2827,1593578.0
176,1564444.0
3062,2139650.8
7695,3696462.8
4571,2630200.2
11785,2441258.5
6579,2355171.0
2193,1859733.2
1756,1563336.1
11942,1051471.8
3891,4533791.0
8310,1537881.2
465,2148661.8
7066,1637778.5
10359,1191345.2
4403,3402488.8
10310,3011963.2
4643,4401129.0
3399,2180345.8
332,1439138.5
3319,1356407.1
2192,1911545.4
187,1686506.1
12995,2236855.8
4349,2397806.0
1218,1607851.8
10943,1684649.4
12675,2496776.5
384,1537471.5
2886,1613299.0
2544,1618545.9
609,3249292.8
2977,2116277.2
182,1410755.8
1150,1948877.5
472,2548815.0
12752,3258646.2
2807,1280326.2
2756,3592197.8
2456,4179658.5
3021,2486374.5
5145,4650635.0
1850,1018309.8
1598,5443080.5
9697,2470808.8
36,1811512.0
12179,1184750.6
3828,1299281.1
5180,2719769.0
3722,6895162.5
1261,2293492.8
2962,1244345.0
1151,760154.75
8080,1404601.6
1877,2295832.2
6478,1675327.8
3381,3056937.5
2965,1600317.2
10735,2522027.2
1070,2298470.2
3662,1940141.0
1344,946376.44
7354,2653706.0
461,2955270.5
703,1560884.4
7977,2160232.5
1266,1764109.2
4658,2298205.2
3878,3116266.0
1514,879278.94
3355,1333840.2
229,1587174.4
5023,1365623.4
2168,858612.56
3124,2403616.8
9118,3709383.5
7051,2402623.0
246,1000363.1
2980,2343127.8
1651,1461298.8
6082,2503997.2
3089,2329701.8
7758,2626470.5
3777,3857791.0
7962,1753578.4
303,1456787.6
1689,1940633.8
1027,1399163.4
2646,1051050.4
2162,2619614.0
11461,886697.94
2844,948693.9
12933,2921825.5
1837,1230140.9
5775,3155667.2
11861,1287263.9
5386,1984414.8
7916,3874747.8
1895,2159636.8
961,1738430.8
528,1907781.6
8142,1969231.9
534,909031.7
1053,2870406.5
12866,2009139.2
4320,2853275.2
8286,1501785.1
2664,1111100.6
1131,1105340.5
4134,2653900.0
4739,2114292.8
4970,2145862.5
11447,1745823.5
94,4913203.0
791,1283556.1
11671,4293657.0
11048,1599157.8
857,1233617.0
7945,4026940.0
12958,2981495.0
8436,1513190.1
6740,2425154.5
9078,1459802.9
274,2302824.5
12499,2384728.5
2948,3202607.2
1841,2683940.2
8889,901312.75
11591,1188462.8
1433,2440307.2
3028,2099395.5
8961,2524369.2
12487,1694886.9
7691,1377509.8
5612,2026989.4
11045,2525260.8
12317,3296833.2
4013,2026291.2
300,1628616.0
2035,2673761.5
3373,2016128.1
6713,1366764.9
1875,1385919.5
1121,911694.1
12909,1724274.5
9291,1917670.4
7949,2472269.5
2513,1891614.8
3785,725240.6
5967,1291230.9
2138,2536536.2
1035,2062405.2
8054,3613679.2
1973,4075528.8
457,2057872.2
10658,3865241.5
2813,835030.2
1926,1297256.9
10958,1962943.8
8219,3272352.0
2724,4531545.0
1067,3587281.8
7002,2297144.2
1414,1077119.6
10357,2146501.8
3774,3435508.2
2617,1775213.4
3817,1396024.8
289,2787347.8
11459,2472857.8
2956,1686942.4
722,1688970.8
6914,1894877.2
458,1190640.0
2968,2842193.0
3987,1960697.5
1602,1783758.8
214,1110125.8
756,1198245.0
12279,2663006.2
2355,1373833.8
11701,934747.25
658,1251325.6
6831,1572434.5
8177,1336704.1
3347,2330890.8
6999,5588902.5
623,1718407.9
1179,2258517.8
12118,4015150.2
5238,3192741.5
4862,1378067.8
1117,1182761.4
456,2324654.2
3514,1568162.5
12209,3999669.5
2190,1075452.1
2322,2537182.2
4759,2710248.2
4077,1121564.1
1485,1321239.9
4107,1427427.2
7975,4204589.5
6255,3509985.0
298,2163103.8
3812,2461493.5
12304,1628329.4
2901,1211498.6
192,5453074.0
8375,2817963.8
2885,1764036.8
5549,3189434.2
10196,3435356.2
633,2341177.0
5360,2207272.0
984,4504552.5
1099,1865469.0
8811,2549082.5
192,1130466.8
603,2561248.2
6803,2531520.2
9065,2624475.8
1043,1217997.6
1371,742713.94
5628,1261165.1
3644,2564617.0
6073,1593979.0
3793,2438177.5
7919,1685140.5
2121,1214845.9
1248,2124566.5
922,1543472.9
8195,762984.75
4539,1988918.1
7801,2244102.5
1789,3113507.8
924,1120637.4
6817,2273535.5
12305,2115609.8
6653,1358836.5
10592,3035334.2
5511,2951610.0
2558,1913498.8
2657,1323133.0
314,4582695.5
2661,2837013.2
9527,1925089.8
3420,1485440.5
1622,1418576.4
9070,1364510.5
2407,1181384.1
3772,5006419.0
1858,1821239.2
5639,2682074.5
10954,4881297.0
2481,915084.0
5231,1749568.6
12798,2880951.2
3892,4153026.2
8873,2687873.2
1249,1490296.1
344,2000766.6
10811,2166200.2
9540,1185990.4
253,1626151.2
8123,756846.4
9578,1731524.4
2594,5349840.0
285,2211404.2
9157,3967952.5
2099,1870946.6
12714,2392887.0
919,2511139.5
4275,3167516.0
2984,1501121.2
9547,3148647.2
799,1467735.1
7065,3167516.2
1685,1307297.5
1699,1246325.0
4161,1828677.5
221,2769361.5
7243,2752307.5
1668,2504472.0
11679,3054558.8
964,3516781.2
11977,3461362.8
12718,6014699.5
2480,2097405.0
7697,2985017.0
2954,2684297.0
3934,1514381.1
1291,1610646.8
2055,809449.06
1386,4312454.0
1146,1057153.9
7005,3224954.2
284,1049247.8
12255,3077462.0
998,2261448.0
10518,1070798.9
1359,909540.1
990,1069100.6
163,1478654.1
3363,1541769.4
10,1376937.2
464,2362731.5
10299,742699.44
950,1090624.4
10419,2373990.5
9182,2963171.5
2432,1626836.1
12786,5031548.5
10055,1898944.1
4189,2913447.2
6811,1897700.2
856,1496007.0
3944,1154468.0
2049,1505858.1
1599,2355637.8
3510,921098.1
2932,1242741.1
1973,4959998.5
10079,1218708.5
1312,1121585.9
2155,865681.94
10804,1383820.0
1443,2537418.2
9465,1673141.8
3143,1155984.6
3163,1021649.25
5769,3744710.8
12764,2159840.2
10167,4538175.0
3875,1395360.0
259,1380536.8
4896,2335487.5
3137,1305078.8
521,1086839.9
7036,3993018.0
11881,6420809.0
4405,1450794.1
8708,1222924.2
2921,719373.56
2189,1657397.2
1399,930922.7
2662,1497938.0
7405,4190170.8
4850,1837774.1
8929,7327276.5
2976,2821462.0
2619,1274470.2
1186,1122687.4
12450,1967755.4
7516,1367436.9
4866,5828693.5
817,1769483.2
2819,1900639.2
6627,1577584.5
3423,1300202.6
302,1362742.9
598,1814530.0
2486,1875336.9
4277,2858031.5
2434,1255047.8
10911,2387177.5
76,2363025.8
10213,1790620.4
3504,1989353.4
2379,1903585.6
3299,1882351.5
11604,3513523.2
11895,1824125.1
2353,2680136.5
5187,3497246.8
148,1147953.6
2567,2052299.8
8667,1902634.5
1866,2042253.0
8858,2333095.8
2263,2635484.2
1788,1877547.6
1433,2039212.4
7070,1603251.0
3760,1105783.4
332,2387045.5
923,1171899.5
1456,2745005.8
6725,3438499.2
9702,2271109.5
4543,2943395.0
3147,2478138.0
1827,1007417.25
174,1648004.0
5391,3453908.0
9031,1848782.0
2901,2850166.0
1790,1388800.4
6513,2155351.0
7148,2151028.2
4646,2142751.2
3578,890316.06
1080,1464362.6
5894,2332726.5
6331,1575974.1
1636,1922676.5
1040,3642870.0
3826,1859206.4
8879,3161384.5
2688,2687106.0
2514,1223489.4
89,1722055.1
1535,3672433.0
7341,2537979.5
2041,980953.2
362,886147.75
8426,3847595.0
3456,1646892.9
1797,2104657.5
4962,1425310.1
3040,4557059.5
3183,1571154.2
1661,2821980.0
10124,2332787.5
10435,2077325.2
3721,1598883.5
1995,1382071.9
9816,2076433.1
2383,933572.2
12272,1762641.6
1820,2596012.8
1699,1534872.9
1023,1517681.8
1890,1858749.4
3822,1491268.1
2957,1470847.2
4429,1235930.8
4022,2950215.5
3702,5413184.0
6401,1697515.4
932,2087631.0
4351,2550380.2
147,1568732.8
726,987012.2
5460,2494111.5
8732,2262851.5
4292,2539356.2
9867,1827194.5
11816,2703137.8
2874,904194.1
3897,1749859.0
414,3056271.2
1991,2207744.0
2372,1162221.8
755,2991429.0
12246,1328468.8
6781,2032711.4
9694,2273835.2
3911,1082292.5
1725,2205604.5
3912,803955.5
1087,1025535.8
9496,1422798.0
1226,1134862.1
5383,3358946.2
9834,2294607.2
418,2606689.0
9621,1612893.1
879,9297406.0
3317,7465754.5
1612,1186933.6
3709,3100421.5
4505,2257738.5
11043,2875220.5
830,2379574.2
10141,2244970.0
1060,1367527.2
11130,2111060.2
2802,2421891.5
4999,2431207.0
2946,1191326.0
1194,1075843.4
11177,2517188.5
4990,3394191.2
7302,2034624.5
5996,2512297.5
5143,2319267.0
2502,999733.7
1884,2506960.5
11305,2149527.8
1430,1794886.9
4439,1562300.9
10768,4709461.0
10560,1749879.1
539,1578118.0
9739,2647305.5
7493,1404036.8
2613,3080026.5
7420,2460850.2
5294,1608227.9
477,2568596.2
3181,1129664.5
5218,2721932.8
18,1199055.9
1960,1917787.5
7240,2434354.5
2826,2624290.8
1761,1502192.9
6276,2391892.8
2485,2270273.8
1509,1653979.6
10473,2790793.0
1365,6399789.0
3694,1319478.9
3973,1234295.4
2359,1772293.6
6690,4069275.8
7170,2342871.2
2441,1662992.1
2914,2522462.0
2739,1131543.0
115,1313620.8
2265,1381752.2
3253,3107802.5
990,4418342.5
2723,1324399.5
2112,1857598.8
1563,1384527.2
12122,8011161.0
2027,2662078.8
1476,1529268.5
4738,2377058.0
796,1785057.6
6205,1732708.8
6320,1042189.6
2199,1205153.2
2871,2314753.0
3218,1225354.2
646,2572504.0
2924,3720715.8
8782,2806248.2
5336,2244970.0
1604,2775309.8
3447,1266798.8
12206,1892468.0
2184,3033821.0
492,1385345.5
3186,4190360.2
1450,1905622.0
11566,1120975.4
10609,4119738.5
12270,1399613.6
8712,3120537.0
8619,1363274.4
647,1202614.8
11338,1465437.8
6654,1681623.4
11038,1592406.5
11813,1416294.8
12858,2127866.8
12503,1614930.0
2400,1118375.2
1312,1032216.06
6271,1861081.6
10172,4934325.0
2631,2259284.5
871,1018763.1
8482,1212321.0
675,1372366.5
189,1680175.2
6939,1666501.4
3941,1359343.0
2246,1030014.0
1567,1260103.0
9939,1215650.5
1406,2069811.9
2868,1345983.2
2621,1304052.0
8186,1468261.6
8608,2721934.8
8128,2155159.8
10328,873158.94
504,2937234.5
312,2194620.0
1992,1954853.9
1514,5047253.0
12097,3355797.8
3166,764911.3
48,2614742.0
7670,1578723.1
2488,951864.44
2953,1241226.2
6266,1538760.0
4578,2874201.8
12227,1268635.9
7597,2772445.8
889,2846700.8
7352,3136707.0
10948,1256055.6
6754,2240242.2
3211,1653492.9
8817,1991486.2
434,980939.44
3856,1232812.2
47,1066395.0
3263,1084376.5
865,3720873.2
4897,2566443.5
4160,2527813.5
11299,3364622.0
10969,2383585.5
2222,2395664.8
8510,1340575.1
2849,1934188.2
1517,1325278.1
2581,2445226.2
5455,1348910.1
2515,2637559.0
8354,1385345.5
3678,1976487.9
3533,1515710.8
7560,4158428.0
2931,1666499.0
3009,4294847.5
12164,1859441.2
11593,1432120.9
90,2794216.8
2829,2100175.8
7856,3604033.8
1893,1694543.0
1978,2051313.9
4263,1575193.4
211,1915255.9
9634,1715672.5
884,4846185.0
9846,2480067.0
2298,1608459.9
6445,1848069.4
1447,2127179.8
82,2455326.8
5296,3982857.2
11775,1004255.56
2771,1002042.25
1524,1303282.6
4181,1962787.8
681,1608498.4
1710,1058070.0
5179,1130872.1
5058,2715329.2
6416,1416138.9
111,1318944.6
3457,3472311.8
12425,1918627.1
1420,1500466.2
9955,2641450.5
428,1294288.9
12020,1276244.4
1886,2286625.2
8240,1645785.8
11949,2584272.5
2730,1013894.8
3412,2738988.2
12204,970138.06
2358,1562182.4
1042,1125954.6
9737,3162999.2
6424,3464774.8
5516,2506372.8
2860,1567945.6
1814,2567705.5
620,1172403.0
10075,4993104.0
1960,2990859.2
8350,1909933.1
10630,2136862.0
895,977597.3
7789,1028806.94
11556,1905846.6
3296,1087278.8
1567,3696205.2
1131,1023221.2
1136,1286519.1
1911,1140408.5
7792,1576445.5
534,1839257.5
3032,1149737.1
377,1484327.0
1372,1610646.8
2005,2248857.8
5501,2076397.2
289,1974494.9
9729,2002888.5
3790,4530854.5
3526,1274518.9
120,1091210.0
11435,2425148.0
5621,1912159.1
10815,1730932.6
2656,1420483.0
5413,1666099.1
3293,1145282.6
7211,1679817.9
3210,3827642.8
6303,2490733.5
8457,2181649.0
2335,1646698.1
2478,2294547.2
12183,1402586.2
3683,2887411.2
12734,2010108.2
1180,2638984.0
11953,1395296.2
6423,5755293.5
9000,1852745.4
8956,995166.06
134,4167491.0
3376,1377369.1
4155,1875581.1
206,2008207.4
1767,1390072.0
11092,1579457.1
4788,1066907.1
778,1522577.5
2881,2382033.5
4654,2775083.0
10192,4864367.5
12613,2232623.0
7899,2107924.8
1831,1288038.4
1272,1505880.0
10052,2655416.8
9022,3980896.5
3519,1752964.6
7368,990176.9
662,2593992.2
1187,1995016.4
312,1861359.1
8208,1634416.8
2176,1146445.8
2000,1186897.0
6729,1535313.5
12794,2260122.8
1199,1074715.0
793,1677477.0
4644,1614624.6
6850,888745.4
1488,1244755.5
1377,1157289.0
3026,1982832.9
8585,1916905.8
1879,1552514.6
2681,1619399.4
9542,3397189.8
2734,2938746.8
3166,1170128.2
10719,2449940.0
1968,1089103.1
8085,3290774.8
5795,1205531.4
2140,1886407.4
11562,7731256.0
4913,1531332.1
4468,2930145.8
9427,2002677.5
4548,1410370.8
2494,1321624.8
3401,2264721.2
1684,2392245.8
1354,813550.75
10021,1789193.9
9423,1589354.1
227,1382751.8
12177,1352758.8
2727,1677460.9
3824,1192187.1
5642,2188031.8
6477,4746128.0
5953,1655266.4
8791,3418089.5
7441,3536023.0
11602,1059812.4
1048,1502459.5
2050,2648237.8
603,948721.4
3285,1225403.0
1389,1240332.2
1836,1152893.5
3994,934364.56
8185,2317898.8
2632,1596317.8
3758,4000726.2
675,3908970.8
1232,822474.44
6779,2174243.0
10030,3288275.2
7908,2192873.5
3558,1271928.1
3861,1906376.0
6965,1194246.9
10731,2384701.0
6774,3181984.0
67,2540886.2
9551,2460684.0
12496,2571296.5
1121,1976886.5
305,1592423.9
11044,1252456.4
1416,1781959.9
3877,3229775.0
693,938812.0
9259,1895594.4
8780,1456605.0
8401,2688350.8
4584,1047531.3
1923,1510749.8
242,3093642.0
8491,4431255.0
60,2827052.0
1852,2288852.2
2939,1311941.1
3287,1567041.5
522,1649135.8
2971,1219092.8
12293,3465505.0
5282,2384345.8
32,1162732.6
8797,2291440.8
438,2166293.0
1449,1007550.3
718,3134537.8
2850,800879.4
1896,1477190.2
3976,2159517.0
1968,2680445.8
12836,1335667.0
12750,2675549.2
1937,1343285.8
11526,3242821.8
3372,2268412.0
1793,1688596.5
1635,1372966.1
10451,3176602.0
8952,1422032.6
4838,2452249.2
1214,6186214.0
10316,1720128.4
8341,1043529.9
2537,2170244.5
9976,2831139.8
12124,2000839.9
5441,2933049.0
7825,2490916.0
3853,811069.0
1829,2471050.2
2079,1123848.1
2087,1697161.9
9613,2171197.0
10345,2816942.0
3191,1822967.9
2384,3097334.5
10389,1161996.9
4753,1711467.1
1612,3238933.2
12945,1128905.0
6363,2433749.5
4169,1709984.4
12172,2589149.8
5583,2149785.0
12950,8463348.0
6448,2326061.2
2406,1220996.6
1539,1700922.9
2531,3693141.8
7730,4993577.5
8829,1571627.4
4813,1969926.5
2570,2623476.8
8838,1657777.8
9158,1552514.9
910,1899049.2
1128,2599861.5
3565,4322092.5
5234,2785657.8
379,1135619.4
1999,3221353.5
4780,2413028.0
2499,2184373.8
12320,3870527.0
2772,1361625.8
2325,1329829.1
3133,1059802.4
3909,3371384.5
894,1953996.4
3639,811356.5
3576,2971193.8
1783,1194390.4
5099,907283.2
943,1186535.0
7765,688488.9
108,1003810.4
242,2172952.0
1321,1678840.0
9492,1552274.5
2024,1247621.0
419,2042792.4
3344,1394387.1
998,3997397.5
9475,3406323.5
2770,2157136.0
4070,1853335.1
7752,2208043.2
770,1404922.2
5409,2210411.5
9821,2014441.6
4051,2346475.5
859,1440801.5
12296,1415532.9
8114,2150630.2
11815,2389212.5
6438,1512906.1
2342,2337495.0
10375,4445656.5
911,3705602.8
11516,3236301.2
11829,1729492.5
3702,1606702.8
3309,1157001.4
1825,1126280.8
9818,804648.1
9399,1697595.8
3391,2720995.5
860,1114935.5
376,2122850.0
8854,687020.1
3800,909444.6
1566,1855239.0
1994,3993213.8
2417,1350683.9
5350,1937101.2
2541,2107784.8
4820,2821743.2
5153,2268672.5
1628,2596596.8
11416,3116901.5
12539,1763183.0
8245,2753365.0
7746,2329006.0
7062,1955586.6
12092,4079513.8
3916,1908254.9
1569,982192.75
1208,1311994.2
2696,2550209.2
8772,2256614.8
8532,2418367.8
1264,1119144.6
804,2928439.2
2949,1551825.6
3645,1426005.1
6156,2152843.8
2227,1744800.1
7993,2407767.0
4145,1792770.5
2314,2663047.8
2109,2078691.2
1954,2547733.0
2331,1426303.2
6020,1204916.1
601,1582562.8
6493,1567186.1
2648,2744122.8
183,1522286.5
4706,2192173.2
7850,1423410.9
7404,1826193.4
547,3386059.5
8681,2876350.8
3159,1541009.1
3020,2680849.5
1852,1889496.0
1966,2902919.5
1124,1061780.1
10944,4337778.5
11703,1182471.5
632,946748.7
5850,2135670.0
12875,1539248.0
8675,2352218.2
321,2658045.2
10619,1791610.9
4872,3541393.8
9788,1074176.6
10183,2490916.0
807,1713399.5
2710,1553165.4
9667,2317827.5
598,1010493.7
12577,2114607.2
7973,4466634.0
3345,2292062.0
1665,959460.06
9572,2672287.2
3292,2046709.2
1589,1947497.8
10867,3625723.5
5980,2745695.5
2356,1395017.9
3159,1244351.2
1637,2315226.8
11333,1285628.8
123,1744074.1
2349,2324538.8
2974,1357408.1
3855,3121729.5
10505,2560907.2
11365,1256238.4
1131,1288380.6
1289,1589340.0
640,931523.9
7848,2696324.5
2854,1639180.9
854,2181882.2
2472,3368193.2
8366,2869891.2
3820,1943969.5
2412,3171792.8
3152,1149874.5
727,781732.44
10255,3524225.0
4927,1025430.6
9698,1577580.5
1990,1548849.8
10650,1365796.8
8433,3033865.5
454,1513170.5
1292,2586634.0
2381,2076690.2
11259,866793.8
551,2540662.5
6500,2904665.8
5041,1891753.6
6421,1071361.1
1452,1097465.5
3298,2060293.6
8826,1872450.6
1974,1423513.5
11312,1898944.1
1594,1689592.6
2416,2054733.2
10195,1863306.5
9455,1298204.1
11736,3835710.2
